guess,expected_words,possible_solution
raise,61.00086393088553,1
arise,63.72570194384449,1
irate,63.7792656587473,1
arose,66.02116630669546,1
alter,69.99179265658748,1
saner,70.12570194384449,1
later,70.22332613390928,1
snare,71.09762419006479,1
stare,71.29460043196543,1
tares,71.54341252699784,0
slate,71.57278617710583,1
alert,71.59870410367171,1
crate,72.89978401727862,1
rates,73.32742980561555,0
trace,74.02030237580993,1
reals,74.93952483801296,0
tears,75.4475161987041,0
stale,75.60388768898488,1
tales,76.1611231101512,0
aisle,76.18876889848812,1
learn,76.64060475161988,1
alone,77.16328293736501,1
leant,77.26004319654427,1
aloes,77.355939524838,0
aster,78.08509719222462,0
least,78.18963282937365,1
crane,78.74168466522679,1
earls,78.92829373650108,0
atone,78.95939524838013,1
trail,79.44751619870411,1
react,79.83023758099353,1
nears,80.58358531317495,0
scare,80.68034557235421,1
cater,80.82030237580993,1
trade,80.93174946004319,1
renal,81.15809935205183,1
store,81.2194384449244,1
prate,81.50021598272139,0
oaten,81.53995680345572,0
tries,81.5537796976242,0
cares,81.80345572354211,0
lanes,82.1758099352052,0
earns,82.49892008639308,0
snore,82.60259179265658,1
solar,82.83326133909287,1
trial,82.94211663066955,1
loser,83.16414686825054,1
roast,83.35593952483802,1
alien,83.59697624190065,1
roles,83.72051835853132,0
teary,83.76544276457884,1
siren,84.2976241900648,1
saute,84.33736501079913,1
tires,84.38574514038876,0
stole,84.53174946004319,1
grate,84.58099352051836,1
rinse,85.01123110151188,1
races,85.08207343412528,0
aeons,85.34643628509718,0
caste,85.40777537796976,1
share,85.47170626349892,1
leans,85.98401727861771,0
trice,86.05053995680346,1
tenor,86.75464362850971,1
canoe,86.83239740820734,1
parse,87.01295896328294,1
route,87.10107991360691,1
stair,87.24449244060474,1
dares,87.37580993520518,0
scale,87.42850971922246,1
rites,87.79481641468682,0
rails,87.79568034557235,0
layer,87.82764578833694,1
sonar,87.86306695464363,1
hater,87.95291576673866,1
hares,88.04190064794817,0
lairs,88.14470842332614,0
clear,88.27861771058315,1
acres,88.29676025917927,0
glare,88.54902807775377,1
sated,88.6388768898488,0
rated,88.66393088552915,0
train,88.76933045356371,1
osier,88.89805615550756,0
antes,88.99049676025918,0
adore,89.04319654427646,1
heart,89.1425485961123,1
plate,89.29114470842333,1
stile,89.3170626349892,0
taper,89.41727861771058,1
aired,90.02462203023758,0
large,90.16889848812096,1
rouse,90.33218142548597,1
liars,90.55248380129589,0
sabre,90.62591792656588,0
paler,90.81684665226781,1
lance,90.90064794816415,1
shale,90.95680345572354,1
pearl,91.10799136069114,1
noise,91.15637149028078,1
dealt,91.3377969762419,1
lathe,91.39654427645789,1
score,91.47775377969762,1
spare,91.54254859611231,1
years,91.73520518358532,0
yearn,91.99611231101511,1
ratio,92.00388768898489,1
tiles,92.0755939524838,0
liner,92.47645788336933,1
cries,92.73650107991361,0
shear,92.74514038876889,1
risen,92.75637149028078,1
steal,92.86004319654428,1
tiers,92.91792656587474,0
tamer,93.17365010799136,1
laces,93.52526997840172,0
dears,93.81036717062635,0
rents,93.84233261339092,0
aider,93.87516198704104,1
snarl,94.0047516198704,1
crone,94.02894168466523,1
dates,94.21382289416846,0
stone,94.24319654427646,1
alder,94.3123110151188,0
blare,94.39524838012959,1
canes,94.65183585313176,0
rains,95.00345572354212,0
close,95.00518358531318,1
yeast,95.1036717062635,1
plane,95.21079913606911,1
tread,95.27213822894169,1
sauce,95.30410367170627,1
hears,95.38444924406048,0
reins,95.4120950323974,0
rages,95.72397408207344,0
resin,95.73866090712743,1
reads,95.79481641468682,0
urine,95.98488120950324,1
cause,96.12742980561555,1
slice,96.12829373650108,1
mares,96.19913606911447,0
tones,96.34686825053996,0
cadre,96.40129589632829,0
shire,96.50583153347732,1
astir,96.56717062634989,0
great,96.57235421166307,1
early,96.5879049676026,1
leapt,96.66652267818574,1
cleat,96.76760259179265,1
lager,96.81511879049677,1
islet,96.82203023758099,1
arson,96.95421166306696,1
relay,97.00518358531318,1
dales,97.0475161987041,0
earth,97.29460043196543,1
trope,97.32915766738661,1
realm,97.48380129589633,1
inter,97.69805615550756,1
tripe,97.83628509719223,1
shore,97.93131749460044,1
inert,97.94341252699783,1
stern,98.02375809935205,1
flare,98.16630669546436,1
cadet,98.26997840172787,1
cores,98.35032397408207,0
crest,98.56717062634989,1
tails,98.59827213822894,0
table,98.65183585313176,1
baser,98.74946004319655,0
slant,98.89114470842333,1
carol,98.91274298056156,1
enrol,98.9939524838013,0
pears,99.08725701943844,0
crape,99.09157667386609,0
inlet,99.09330453563715,1
safer,99.11058315334773,1
lures,99.18747300215982,0
afire,99.20561555075594,1
louse,99.222030237581,1
gears,99.42850971922246,0
horse,99.48552915766739,1
lapse,99.48725701943845,1
throe,99.62289416846652,0
taker,99.78876889848812,1
cared,99.82505399568035,0
aides,99.86393088552916,0
utile,99.93218142548596,1
range,100.1110151187905,1
talon,100.11447084233261,1
panel,100.13434125269978,1
paste,100.41079913606912,1
leash,100.51533477321814,1
tonal,100.66997840172786,1
grace,100.72181425485961,1
haste,100.73650107991361,1
aside,100.75896328293736,1
clone,100.777969762419,1
nurse,100.80820734341252,1
outer,100.91533477321815,1
rules,100.9170626349892,0
reaps,100.98617710583153,0
spear,101.02678185745141,1
notes,101.09935205183585,0
smear,101.13563714902808,1
sable,101.24794816414686,0
ramen,101.52699784017278,1
salon,101.6427645788337,1
prone,101.66004319654427,1
manse,101.68077753779697,0
prose,101.88120950323975,1
baler,101.88293736501079,1
gates,101.89071274298057,0
ailed,101.98574514038877,0
tried,102.03930885529158,1
lines,102.06263498920086,0
truce,102.0816414686825,1
heals,102.4609071274298,0
deals,102.49028077753779,0
acute,102.49114470842333,1
stage,102.56112311015119,1
tapes,102.69848812095032,0
reams,102.84535637149028,0
inure,102.85226781857452,0
loans,102.8902807775378,0
meant,103.01295896328294,1
satyr,103.12008639308856,1
pales,103.45874730021599,0
pates,103.50799136069114,0
fares,103.59006479481641,0
cruel,103.64190064794816,1
dries,103.72138228941684,0
spire,103.74038876889848,1
tired,103.78704103671706,0
relic,103.8267818574514,1
spore,103.86565874730022,1
haute,103.89071274298057,1
plier,103.94686825053996,1
artsy,104.0194384449244,1
coral,104.1110151187905,1
hotel,104.22332613390928,1
saint,104.25788336933044,1
gales,104.32095032397407,0
onset,104.45399568034557,1
hires,104.46781857451404,0
slain,104.48596112311014,1
cotes,104.51879049676026,0
water,104.5257019438445,1
laden,104.62764578833693,1
sedan,104.65269978401727,1
baste,104.65961123110151,1
drone,104.72181425485961,1
suite,104.73218142548596,1
anode,104.79524838012959,1
cased,104.87645788336933,0
peril,105.13218142548597,1
raced,105.15291576673866,0
leads,105.16328293736501,0
gorse,105.17537796976241,0
slide,105.21252699784017,1
delta,105.30064794816414,1
mates,105.34038876889849,0
tribe,105.52872570194384,1
bears,105.5866090712743,0
riots,105.607343412527,0
petal,105.87775377969763,1
poise,105.8829373650108,1
merit,105.91058315334773,1
agile,106.07386609071274,1
caper,106.13520518358531,1
males,106.20172786177106,0
deans,106.24319654427646,0
pleat,106.31663066954644,1
panes,106.33045356371491,0
enact,106.40302375809935,1
snail,106.40302375809935,1
trays,106.66133909287257,0
regal,106.6976241900648,1
their,106.81771058315334,1
padre,106.9585313174946,0
erase,106.96803455723541,1
brace,107.11749460043197,1
coast,107.12958963282938,1
eclat,107.13563714902808,1
carts,107.16933045356372,0
drape,107.20302375809935,1
wares,107.20993520518358,0
scone,107.22894168466523,1
pries,107.33520518358532,0
cairn,107.3524838012959,1
heirs,107.51835853131749,0
altos,107.56760259179266,0
hairs,107.61771058315335,0
lames,107.62116630669547,0
beast,107.91490280777538,1
tilde,107.93563714902808,1
peals,107.9390928725702,0
abler,107.9840172786177,0
tapir,108.02289416846654,1
false,108.35809935205184,1
curse,108.36501079913607,1
lunar,108.53952483801297,1
runes,108.54643628509719,0
rakes,108.56803455723542,0
actor,108.61727861771058,1
cedar,108.91792656587474,1
clean,108.92656587473002,1
triad,109.28509719222463,1
since,109.30928725701943,1
opera,109.31533477321814,1
argue,109.3645788336933,1
satin,109.38272138228942,1
elate,109.38358531317495,1
manes,109.43023758099352,0
style,109.49244060475162,1
riled,109.60475161987041,0
darts,109.65313174946004,0
raids,109.77580993520517,0
cites,109.96241900647948,0
ultra,109.96328293736501,1
after,110.00734341252699,1
lithe,110.07473002159827,1
nails,110.0816414686825,0
teams,110.22159827213824,0
toils,110.27688984881209,0
motel,110.36155507559396,1
stead,110.37192224622031,1
payer,110.41166306695465,1
roads,110.4462203023758,0
alike,110.55939524838013,1
holes,110.56976241900648,0
timer,110.59654427645789,1
meats,110.60777537796976,0
fears,110.68466522678185,0
meals,110.76069114470842,0
slope,110.84449244060475,1
rides,110.86349892008639,0
liens,110.88596112311015,0
pause,110.99827213822894,1
pared,111.00431965442765,0
older,111.03110151187904,1
heard,111.05788336933045,1
penal,111.0768898488121,1
remit,111.08725701943845,1
farce,111.10453563714903,1
heats,111.12181425485961,0
snort,111.15723542116632,1
bales,111.17969762419007,0
reach,111.28941684665227,1
ashen,111.36630669546436,1
polar,111.42159827213823,1
tiled,111.42937365010799,0
slime,111.43282937365011,1
grail,111.4414686825054,1
leaps,111.49503239740821,0
coals,111.64362850971922,0
waste,111.66177105831534,1
dance,111.83974082073435,1
nicer,111.85874730021598,1
sepia,111.86997840172786,1
anime,111.88207343412527,1
metal,111.88639308855292,1
royal,111.8915766738661,1
eater,111.95118790496761,1
heros,111.97278617710583,0
anger,111.98488120950324,1
tease,112.0341252699784,1
dotes,112.14125269978402,0
place,112.2561555075594,1
write,112.41771058315335,1
poser,112.422030237581,1
shade,112.52051835853132,1
aegis,112.60431965442766,0
pores,112.75205183585312,0
tiger,112.81339092872571,1
forte,112.85917926565874,1
acted,112.86090712742981,0
lutes,112.92397408207343,0
miser,113.07429805615551,1
skate,113.08725701943844,1
pairs,113.1002159827214,0
grape,113.12699784017279,1
trend,113.19006479481642,1
coats,113.24708423326135,0
names,113.25140388768898,0
heron,113.28682505399568,1
gayer,113.2963282937365,1
swear,113.60561555075594,1
rainy,113.62030237580993,1
taken,113.64276457883369,1
wears,113.64794816414687,0
feral,113.67991360691144,1
cones,113.74730021598272,0
slake,113.91317494600432,0
smile,114.0194384449244,1
auger,114.05831533477321,0
unite,114.07213822894168,1
valet,114.0902807775378,1
cages,114.14816414686825,0
harem,114.18099352051836,1
lease,114.18617710583153,1
ready,114.21209503239741,1
brine,114.22246220302375,1
price,114.26997840172785,1
means,114.37019438444925,0
shone,114.42548596112312,1
ulcer,114.43066954643628,1
stain,114.43844492440604,1
grade,114.5170626349892,1
fates,114.56544276457883,0
laced,114.62764578833693,0
takes,114.76846652267818,0
borne,114.85917926565875,1
stray,114.91792656587472,1
sober,114.93693304535637,1
other,114.98444924406047,1
doers,115.03801295896328,0
ropes,115.1244060475162,0
feast,115.16846652267819,1
rimes,115.236717062635,0
hated,115.28682505399568,0
ovate,115.31619870410367,1
haled,115.54082073434125,0
grant,115.61166306695465,1
those,115.67991360691146,1
mores,115.72311015118791,0
space,115.785313174946,1
metro,115.79049676025917,1
smote,116.03498920086393,1
trash,116.06868250539956,1
stein,116.17494600431965,1
untie,116.17667386609071,1
loath,116.18704103671706,1
wrote,116.24578833693305,1
rosin,116.39006479481641,0
cutie,116.44967602591794,1
ocean,116.47213822894167,1
angle,116.5023758099352,1
cures,116.55680345572354,0
crime,116.6829373650108,1
idler,116.84535637149028,1
recap,116.9144708423326,1
aspen,117.30323974082073,0
salve,117.31533477321815,1
rayon,117.4267818574514,1
toned,117.52095032397408,0
stake,117.62807775377969,1
raves,117.64535637149028,0
laity,117.68682505399568,0
recut,117.73088552915766,1
irons,117.83974082073433,0
spiel,117.95032397408207,1
yarns,117.99611231101512,0
terms,118.01252699784018,0
poles,118.10669546436284,0
chase,118.20431965442765,1
toads,118.23023758099352,0
capes,118.27775377969762,0
tunes,118.30021598272138,0
bleat,118.33822894168466,1
radio,118.43239740820735,1
slave,118.51706263498922,1
ideas,118.55161987041038,0
rifle,118.55680345572355,1
tides,118.58617710583154,0
beans,118.777969762419,0
thine,118.792656587473,0
drain,118.80388768898489,1
cameo,118.86004319654428,1
smite,118.86177105831534,1
cried,118.88164146868252,1
molar,118.93606911447085,1
avert,119.02073434125269,1
acorn,119.25658747300216,1
cream,119.25658747300216,1
email,119.34816414686824,1
serif,119.39999999999999,1
skier,119.47688984881209,1
oiled,119.69546436285097,0
cents,119.80863930885529,0
angel,119.81209503239741,1
camel,119.88812095032398,1
paces,120.02116630669546,0
piers,120.23369330453563,0
shine,120.24060475161986,1
chore,120.54470842332613,1
prune,120.54816414686825,1
lakes,120.56285097192224,0
ideal,120.56889848812095,1
loges,120.57667386609072,0
worse,120.68984881209504,1
moles,120.68984881209504,0
death,120.7866090712743,1
bores,120.87732181425486,0
tomes,120.8902807775378,0
rares,120.99222462203024,0
swore,121.05010799136069,1
moral,121.13390928725703,1
tamed,121.14341252699784,0
spade,121.15032397408207,1
alive,121.15377969762419,1
plait,121.16501079913607,1
plant,121.22894168466523,1
repay,121.25226781857451,1
largo,121.40518358531317,0
plies,121.42591792656587,0
feats,121.43196544276458,0
roams,121.5537796976242,0
trove,121.56069114470843,1
cable,121.62721382289416,1
facet,121.64103671706263,1
ripen,121.66090712742981,1
nadir,121.67473002159828,1
loads,121.77149028077754,0
easel,121.87170626349891,1
drake,121.88293736501079,1
motes,121.9244060475162,0
gruel,121.94514038876889,1
snake,122.10151187904968,1
hails,122.16285097192224,0
trams,122.19136069114471,0
rends,122.214686825054,0
traps,122.29071274298056,0
teach,122.41684665226781,1
agent,122.4548596112311,1
raged,122.47473002159828,0
manor,122.60345572354211,1
smart,122.61814254859611,1
spite,122.66133909287257,1
lured,122.7451403887689,0
latte,122.75896328293736,1
matey,122.80907127429806,1
robes,123.01641468682506,0
noted,123.04060475161987,0
flier,123.04751619870412,1
parts,123.05356371490281,0
unset,123.05961123110151,1
leach,123.08639308855292,1
trawl,123.10885529157667,1
maces,123.1330453563715,0
nosey,123.13563714902807,1
raven,123.16155507559395,1
stave,123.23671706263498,1
paled,123.38358531317495,0
pleas,123.44060475161987,0
boars,123.52354211663067,0
liker,123.60129589632828,0
ankle,123.6254859611231,1
adieu,123.69546436285097,0
oaken,123.7170626349892,1
steam,123.72051835853132,1
diner,123.74816414686825,1
hairy,123.85788336933045,1
harts,123.87948164146869,0
miles,123.89935205183585,0
mated,123.90453563714902,0
crave,123.96414686825054,1
shoal,124.00734341252699,1
rouge,124.03844492440605,1
gloat,124.0462203023758,1
miner,124.12138228941684,1
droit,124.1231101511879,1
wanes,124.15939524838014,0
fires,124.16717062634989,0
frail,124.19308855291577,1
labor,124.23714902807775,1
canto,124.32613390928726,0
snide,124.36069114470843,1
salty,124.3866090712743,1
naive,124.64319654427645,1
horde,124.67775377969762,1
armed,124.73563714902808,0
entry,124.75809935205183,1
nosed,124.80907127429806,0
bared,125.00345572354212,0
flair,125.0086393088553,1
cider,125.0414686825054,1
carve,125.04838012958963,1
piles,125.06133909287257,0
abort,125.12095032397409,1
clues,125.13477321814254,0
hoary,125.14341252699784,0
brain,125.14427645788336,1
scant,125.30842332613392,1
fetal,125.32397408207343,1
brats,125.41814254859611,0
shred,125.43110151187905,0
heist,125.46047516198705,1
eaten,125.46652267818575,1
amuse,125.73779697624191,1
scent,125.83887688984882,1
crept,125.87602591792657,1
brute,125.88984881209502,1
limes,125.91231101511879,0
towel,125.99006479481642,1
times,126.02462203023758,0
marts,126.06522678185745,0
ruled,126.16285097192225,0
barge,126.23023758099352,1
voile,126.39352051835853,0
grain,126.45917926565875,1
treat,126.69762419006479,1
shame,126.763282937365,1
areas,126.80129589632828,0
surge,126.80215982721383,1
boles,126.84967602591792,0
frame,126.85831533477322,1
filer,126.90151187904968,1
intro,126.90755939524838,1
gamer,126.96803455723543,1
wires,126.9939524838013,0
mites,127.03369330453563,0
terse,127.0380129589633,1
sower,127.03974082073434,1
dents,127.05874730021598,0
decal,127.06565874730022,1
bathe,127.12699784017279,1
rogue,127.2280777537797,1
fairs,127.25313174946004,0
vales,127.40086393088554,0
usage,127.45701943844492,1
refit,127.49244060475162,1
weary,127.56673866090713,1
purse,127.57537796976241,1
olden,127.60215982721382,1
heads,127.61166306695465,0
loins,127.6280777537797,0
rears,127.63930885529157,0
smelt,127.68336933045357,1
tends,127.70755939524838,0
goats,127.76285097192225,0
shape,127.78272138228942,1
cease,127.81641468682506,1
lobes,127.85529157667386,0
fared,127.91490280777538,0
wiser,128.01771058315336,1
goals,128.06609071274298,0
comet,128.21123110151188,1
dames,128.22332613390927,0
boast,128.22850971922247,1
abuse,128.2501079913607,1
clans,128.2622030237581,0
noble,128.27775377969763,1
terra,128.32354211663068,1
glade,128.35637149028076,1
ascot,128.35896328293737,1
coils,128.54816414686826,0
phase,128.58358531317495,1
slept,128.58704103671707,1
goner,128.6388768898488,1
aches,128.64492440604752,0
staid,128.71663066954645,1
codes,128.77365010799136,0
spine,128.78833693304534,1
house,128.79524838012958,1
tower,128.81166306695465,1
meaty,128.87386609071274,1
octal,128.89373650107993,1
glean,129.0647948164147,1
hired,129.2159827213823,0
tidal,129.22375809935204,1
lower,129.22462203023758,1
melts,129.25053995680346,0
leaks,129.26781857451405,0
decor,129.30669546436286,1
chair,129.3766738660907,1
pride,129.43714902807776,1
pelts,129.502807775378,0
lions,129.54600431965443,0
trite,129.59179265658747,1
bated,129.6254859611231,0
avers,129.68250539956804,0
beard,129.7110151187905,1
spelt,129.74298056155507,1
hoard,129.75939524838014,1
strap,129.82246220302378,1
seamy,129.8241900647948,0
opine,129.85442764578835,1
copse,129.8622030237581,1
cards,129.94427645788338,0
adorn,129.9987041036717,1
saith,130.036717062635,0
cited,130.24665226781858,0
maple,130.26306695464362,1
scary,130.39179265658748,1
pesto,130.41771058315334,1
paint,130.48596112311014,1
raked,130.6380129589633,0
shalt,130.7520518358531,1
based,130.763282937365,0
dream,130.78747300215983,1
sweat,130.79784017278618,1
faces,130.81166306695465,0
apron,130.84622030237583,1
arena,130.84708423326134,1
taste,130.95075593952484,1
snipe,130.96717062634988,1
peons,131.04838012958962,0
vanes,131.0622030237581,0
elite,131.16501079913607,1
patio,131.28941684665227,1
barns,131.3136069114471,0
wrest,131.46133909287258,1
pecan,131.607343412527,1
baron,131.6159827213823,1
lends,131.62894168466522,0
tours,131.65917926565874,0
bites,131.7110151187905,0
stand,131.71360691144707,1
pails,131.81641468682506,0
savor,131.844060475162,1
suave,131.90626349892008,1
super,131.91403887688983,1
dairy,132.03498920086395,1
poets,132.13261339092873,0
sales,132.21036717062634,0
strew,132.25788336933044,0
groan,132.28725701943844,1
diets,132.3269978401728,0
uncle,132.38833693304537,1
stoke,132.4133909287257,1
autos,132.45313174946006,0
filet,132.50151187904967,1
roach,132.5257019438445,1
force,132.54211663066954,1
routs,132.57149028077754,0
diary,132.66306695464363,1
clime,132.66479481641468,0
state,132.77365010799136,1
ochre,132.88596112311015,0
rivet,132.89805615550756,1
blent,132.98185745140387,0
reset,133.0647948164147,1
pages,133.06911447084232,0
navel,133.2669546436285,1
lamed,133.36371490280777,0
dines,133.3974082073434,0
moats,133.41900647948165,0
floes,133.43282937365012,0
prime,133.45529157667386,1
solve,133.45701943844492,1
tardy,133.4768898488121,1
value,133.48725701943843,1
story,133.48812095032397,1
craze,133.62634989200865,1
gapes,133.63326133909285,0
blest,133.66609071274297,0
torus,133.67818574514038,1
toyed,133.77494600431964,0
scorn,133.89935205183585,1
voter,134.1948164146868,1
cheat,134.19740820734341,1
melon,134.25442764578835,1
credo,134.26047516198705,1
blade,134.2803455723542,1
mails,134.35032397408207,0
adept,134.3745140388769,1
reign,134.3831533477322,1
comer,134.4228941684665,0
sleet,134.42721382289417,1
lined,134.44708423326134,0
trees,134.49805615550756,0
broil,134.50151187904967,1
grist,134.59740820734342,0
lemur,134.6406047516199,1
irony,134.64924406047516,1
bloat,134.67602591792658,1
urges,134.7157667386609,0
sugar,134.72958963282937,1
whale,134.84190064794817,1
pried,134.8609071274298,1
fated,135.0760259179266,0
aimed,135.09848812095032,0
truly,135.1062634989201,1
ferns,135.12872570194384,0
lords,135.29805615550757,0
piano,135.30410367170626,1
naves,135.3913606911447,0
brake,135.41123110151187,1
rehab,135.42159827213823,1
roman,135.4449244060475,0
frets,135.5399568034557,0
tinge,135.62980561555077,0
taxes,135.68250539956804,0
boats,135.69200863930885,0
scope,135.7282937365011,1
grope,135.7671706263499,1
cagey,135.80345572354213,1
oases,135.8086393088553,0
serum,135.85701943844492,1
erupt,135.93736501079914,1
mealy,135.9866090712743,1
cigar,136.00043196544277,1
abode,136.03239740820734,1
relax,136.03498920086392,1
crude,136.06522678185746,1
shard,136.1550755939525,1
bluer,136.23110151187905,1
usher,136.29589632829374,1
corns,136.2976241900648,0
sawed,136.4047516198704,0
azure,136.4341252699784,1
spice,136.4548596112311,1
debar,136.57840172786177,1
singe,136.67084233261338,1
bones,136.6794816414687,0
token,136.6829373650108,1
adobe,136.69330453563717,1
viler,136.69416846652268,0
pines,136.70107991360692,0
dices,136.73822894168467,0
crags,136.75291576673865,0
guile,136.7814254859611,1
shied,136.7840172786177,1
colts,136.8315334773218,0
creak,136.85399568034558,1
crash,136.87991360691146,1
ounce,136.98099352051835,1
lover,137.25226781857452,1
drays,137.26522678185745,0
chose,137.33347732181426,1
valor,137.4708423326134,1
lemon,137.47170626349893,1
gripe,137.48984881209503,1
mines,137.5866090712743,0
games,137.59697624190065,0
belts,137.6462203023758,0
solid,137.67041036717063,1
abide,137.68855291576673,1
tuber,137.77408207343413,1
plain,137.80259179265659,1
pored,137.82332613390926,0
retch,138.03239740820734,1
boule,138.1732181425486,1
verso,138.25097192224624,1
larch,138.258747300216,0
lands,138.29935205183585,0
fades,138.3390928725702,0
court,138.39611231101512,1
warts,138.39784017278618,0
sires,138.42116630669545,0
image,138.50928725701942,1
seals,138.5611231101512,0
liver,138.59913606911448,1
pedal,138.61295896328292,1
flies,138.70107991360692,0
cargo,138.70885529157667,1
bread,138.7123110151188,1
finer,138.75809935205183,1
flora,138.79956803455724,1
baits,138.88336933045358,0
party,139.0768898488121,1
fleas,139.24103671706263,0
opals,139.26177105831533,0
tuned,139.30755939524838,0
print,139.33952483801295,1
maker,139.5036717062635,1
delay,139.6462203023758,1
sport,139.72224622030237,1
aunts,139.7231101511879,0
named,139.78876889848812,0
heaps,139.83110151187904,0
halts,139.83801295896328,0
probe,139.8708423326134,1
ample,139.88207343412526,1
cakes,139.948596112311,0
mouse,140.2535637149028,1
splat,140.27775377969763,1
reels,140.32354211663068,0
steak,140.34427645788338,1
rafts,140.3866090712743,0
depot,140.42980561555075,1
chart,140.50237580993522,1
caged,140.56976241900648,0
blast,140.6561555075594,1
float,140.7304535637149,1
steer,140.7658747300216,1
nasty,140.85572354211664,1
organ,140.89805615550756,1
trait,140.96285097192225,1
kites,141.12354211663066,0
homer,141.1244060475162,1
likes,141.20215982721382,0
seats,141.21857451403886,0
grime,141.2643628509719,1
phone,141.28077753779698,1
spent,141.2928725701944,1
acrid,141.31187904967604,1
waist,141.34125269978404,1
wiles,141.34730021598273,0
overt,141.40691144708424,1
giant,141.42073434125268,1
penis,141.42246220302374,0
wager,141.46997840172787,1
gents,141.52267818574515,0
moans,141.5693304535637,0
bride,141.58920086393087,1
short,141.5900647948164,1
files,141.61079913606912,0
tiara,141.68077753779698,1
olive,141.81382289416845,1
herds,141.87602591792657,0
sneer,141.88639308855292,1
rebut,142.01252699784018,1
riser,142.0246220302376,1
larks,142.03844492440604,0
venal,142.03844492440604,0
pilot,142.0548596112311,1
reply,142.09287257019437,1
turns,142.10064794816415,0
cured,142.2086393088553,0
asset,142.24838012958963,1
stove,142.25183585313175,1
beads,142.40043196544278,0
grave,142.4107991360691,1
roped,142.4228941684665,0
inane,142.44708423326134,1
crust,142.56889848812096,1
plans,142.5913606911447,0
guise,142.6380129589633,1
sores,142.6622030237581,0
blame,142.7572354211663,1
ralph,142.7745140388769,1
dirge,142.79352051835852,1
daisy,142.82375809935206,1
caves,142.8254859611231,0
viral,142.83844492440605,1
daunt,142.87904967602591,1
basil,142.8937365010799,1
comes,142.9144708423326,0
tense,142.9732181425486,1
laths,143.03714902807775,0
gable,143.1390928725702,0
loose,143.17796976241902,1
slang,143.20215982721382,1
shirt,143.20907127429805,1
pulse,143.26177105831533,1
aloft,143.30928725701943,1
pains,143.3403887688985,0
racer,143.44060475161987,1
yards,143.44060475161987,0
oaths,143.56069114470841,0
eyrie,143.68336933045356,0
saved,143.77235421166307,0
girls,143.82764578833692,0
shake,143.83801295896328,1
twine,143.8526997840173,1
tarot,143.8647948164147,1
stoic,143.91403887688983,1
shorn,143.94946004319655,1
plead,144.01511879049676,1
warns,144.07559395248379,0
halve,144.08682505399568,1
orbit,144.1205183585313,1
scald,144.15421166306695,1
pants,144.16025917926567,0
altar,144.2328293736501,1
under,144.2682505399568,1
north,144.37451403887687,1
ruins,144.50410367170628,0
thorn,144.6,1
craft,144.62332613390927,1
curio,144.62850971922248,1
mayor,144.67429805615552,1
title,144.69157667386608,1
scour,144.7546436285097,1
greys,144.76069114470843,0
straw,144.83758099352053,1
reuse,144.99913606911446,1
sneak,145.0855291576674,1
swine,145.1157667386609,1
votes,145.1390928725702,0
twice,145.1978401727862,1
scree,145.19956803455722,1
amber,145.20561555075594,1
ports,145.4950323974082,0
baker,145.5451403887689,1
antic,145.57883369330455,1
amour,145.62807775377968,0
mural,145.7498920086393,1
axles,145.8889848812095,0
posed,145.8976241900648,0
ranch,145.9546436285097,1
rapid,146.13952483801296,1
trips,146.17494600431968,0
hyena,146.26911447084234,1
stark,146.26911447084234,1
copra,146.34341252699784,0
honey,146.3831533477322,1
gored,146.55161987041038,0
inept,146.57753779697623,1
steel,146.59308855291576,1
knelt,146.6,1
glens,146.62505399568033,0
mains,146.67602591792655,0
deity,146.6768898488121,1
loves,146.69589632829374,0
mange,146.80820734341253,1
bagel,146.81684665226783,1
scaly,147.06047516198706,1
moist,147.12872570194384,1
flame,147.30755939524838,1
medal,147.311879049676,1
scrap,147.5183585313175,1
rhino,147.57969762419006,1
begat,147.63326133909285,1
agree,147.70410367170626,1
crabs,147.7170626349892,0
shave,147.85183585313175,1
sloth,147.85961123110152,1
prays,147.8889848812095,0
brave,148.1023758099352,1
plied,148.14298056155508,1
exalt,148.14816414686825,1
lotus,148.2501079913607,0
tango,148.3123110151188,1
screw,148.38228941684667,1
brash,148.5084233261339,1
spied,148.52224622030238,1
baton,148.5291576673866,1
macro,148.53347732181427,1
horns,148.55766738660907,0
wails,148.62159827213824,0
preys,148.62505399568033,0
coupe,148.64319654427646,1
rises,148.66565874730023,0
infer,148.72613390928726,1
dunes,148.76760259179267,0
hides,148.8609071274298,0
roars,148.866090712743,0
retro,148.88164146868252,1
scram,148.99913606911448,1
raved,149.0267818574514,0
waits,149.0466522678186,0
mason,149.07948164146867,1
adult,149.10539956803456,1
ester,149.14686825053997,1
clout,149.14773218142548,1
soars,149.18488120950323,0
aorta,149.24362850971923,1
spoil,149.30583153347732,1
sinew,149.36803455723543,1
ridge,149.38963282937365,1
model,149.39395248380129,1
ached,149.41555075593953,0
enter,149.4181425485961,1
voice,149.47948164146868,1
flirt,149.4924406047516,1
felon,149.60820734341254,1
roses,149.64794816414687,0
soles,149.66695464362851,0
miens,149.67127429805615,0
fails,149.72138228941685,0
pease,149.7524838012959,0
flute,149.93822894168468,1
soapy,149.97019438444926,1
sonic,150.20950323974083,1
drags,150.21987041036718,0
owner,150.23369330453565,1
hoist,150.24665226781858,1
jeans,150.28380129589632,0
frost,150.288120950324,1
clued,150.36155507559397,1
abled,150.5110151187905,1
storm,150.53261339092873,1
ranks,150.53952483801297,0
beryl,150.58444924406047,0
today,150.6319654427646,1
eased,150.6673866090713,0
foyer,150.7658747300216,1
noisy,150.90928725701943,1
fairy,150.94730021598272,1
board,150.96803455723543,1
covet,151.01468682505399,1
eager,151.0172786177106,1
tramp,151.03282937365012,1
leafy,151.04233261339093,1
lodge,151.05269978401728,1
fecal,151.09244060475163,1
leaky,151.09935205183587,1
berth,151.12267818574514,1
mules,151.17278617710582,0
hauls,151.19265658747298,0
crawl,151.2280777537797,1
rival,151.26177105831533,1
feint,151.29978401727863,0
aloud,151.414686825054,1
drams,151.45442764578834,0
curls,151.47257019438445,0
quire,151.59784017278616,0
mince,151.67127429805615,1
cower,151.7758099352052,1
whore,151.814686825054,0
curst,151.8855291576674,0
timed,151.88725701943844,0
haunt,151.89848812095033,1
marsh,151.93736501079914,1
crony,152.04794816414687,1
biome,152.06781857451404,1
often,152.07213822894167,1
braid,152.07645788336933,1
parer,152.0876889848812,1
spray,152.1257019438445,1
grasp,152.1352051835853,1
coins,152.1473002159827,0
strip,152.26393088552916,1
extra,152.3097192224622,1
nerdy,152.31749460043196,1
liken,152.3511879049676,1
draft,152.42030237580994,1
payed,152.42375809935206,0
gains,152.45917926565875,0
duels,152.53952483801297,0
decay,152.55680345572355,1
flyer,152.5611231101512,1
basin,152.70539956803455,1
prude,152.70799136069115,1
atoms,152.72267818574514,0
wages,152.77624190064796,0
media,152.78747300215983,1
unmet,152.81166306695465,1
minor,152.86263498920087,1
veils,152.8963282937365,0
amble,152.8989200863931,1
asked,152.941252699784,0
choir,153.0915766738661,1
inlay,153.16414686825055,1
naked,153.23585313174945,0
twirl,153.26090712742982,1
heady,153.2634989200864,1
edict,153.32138228941685,1
peach,153.34298056155507,1
lives,153.4112311015119,0
wrist,153.41641468682505,1
riven,153.44924406047517,0
gnats,153.46652267818575,0
rebus,153.48207343412528,1
fines,153.48812095032397,0
scion,153.4915766738661,1
hopes,153.56414686825053,0
niche,153.60647948164146,1
piled,153.80172786177104,0
randy,153.8207343412527,1
graze,153.83110151187904,1
spake,153.8328293736501,0
types,153.94686825053995,0
emits,154.007343412527,0
faint,154.20086393088553,1
tepid,154.2388768898488,1
fable,154.25529157667387,1
swirl,154.26393088552916,1
track,154.26652267818574,1
dregs,154.33995680345572,0
items,154.39179265658748,0
posit,154.4868250539957,1
lumen,154.64060475161986,1
cases,154.7036717062635,0
whole,154.72613390928726,1
opens,154.8306695464363,0
clerk,154.86263498920087,1
fiery,154.94298056155506,1
sadly,154.94470842332615,1
domes,154.96889848812094,0
mutes,154.97149028077752,0
along,154.99481641468685,1
otter,155.04060475161987,1
point,155.06393088552915,1
blues,155.2842332613391,0
angst,155.28855291576676,1
amend,155.29978401727863,1
modes,155.42246220302374,0
audit,155.43196544276458,1
tonic,155.47343412527,1
surly,155.5840172786177,1
troll,155.66781857451403,1
novel,155.67127429805615,1
raspy,155.73002159827215,1
wafer,155.83714902807776,1
upset,155.84233261339094,1
beams,155.8501079913607,0
bored,155.95896328293736,0
harps,156.007343412527,0
makes,156.01771058315333,0
unlit,156.02721382289417,1
erect,156.03239740820734,1
glide,156.1023758099352,1
while,156.16630669546436,1
haven,156.17840172786177,1
fried,156.28207343412527,1
break,156.3537796976242,1
sharp,156.36328293736503,1
loses,156.36414686825054,0
forge,156.4047516198704,1
piety,156.44535637149028,1
skirt,156.46781857451404,1
clove,156.658747300216,1
crier,156.67861771058313,1
waned,156.94125269978403,0
eagle,156.9792656587473,1
front,157.09935205183584,1
plots,157.1123110151188,0
dared,157.1149028077754,0
lurid,157.19352051835853,1
homes,157.2453563714903,0
daily,157.4,1
omens,157.44838012958962,0
adopt,157.51835853131752,1
lyric,157.5598272138229,1
salvo,157.57278617710583,1
aunty,157.711879049676,1
tress,157.8475161987041,0
tubes,157.88725701943844,0
grout,157.9477321814255,1
duets,157.98056155507558,0
snout,158.0228941684665,1
drily,158.02634989200862,0
maize,158.12138228941686,1
truer,158.229373650108,1
bards,158.2561555075594,0
wines,158.35464362850973,0
urban,158.4194384449244,1
boils,158.46609071274298,0
three,158.52656587473,1
poesy,158.69589632829374,1
setup,158.69848812095032,1
groin,158.72526997840174,1
idols,158.82030237580994,0
warty,158.8280777537797,1
broke,158.91879049676027,1
flats,158.9429805615551,0
brand,158.94816414686827,1
poker,158.99481641468685,1
corny,158.99827213822894,1
tonga,159.00518358531318,1
wrapt,159.04146868250538,0
golem,159.06393088552917,1
razed,159.06997840172787,0
foray,159.16673866090713,1
faced,159.26868250539957,0
dimes,159.35075593952484,0
until,159.35507559395248,1
scarf,159.37149028077755,1
ethos,159.4181425485961,1
cover,159.43023758099352,1
taxed,159.4682505399568,0
harms,159.47861771058317,0
fired,159.53218142548596,0
talks,159.53650107991362,0
herbs,159.5537796976242,0
piney,159.5693304535637,1
crisp,159.57537796976243,1
trill,159.5771058315335,0
franc,159.63758099352052,0
clash,159.7671706263499,1
waive,159.8526997840173,1
prove,159.95464362850973,1
agate,160.05831533477323,1
decry,160.07732181425484,1
capon,160.09373650107992,0
hazel,160.09632829373652,1
first,160.11360691144708,1
cobra,160.1196544276458,1
croak,160.12224622030237,1
cords,160.19136069114472,0
sheaf,160.21295896328294,0
rests,160.30194384449246,0
robed,160.30971922246218,0
stony,160.31231101511878,1
yield,160.38920086393088,1
dicta,160.39006479481642,0
crews,160.58617710583152,0
germs,160.59049676025919,0
money,160.6803455723542,1
spilt,160.70194384449243,1
saucy,160.7252699784017,1
fresh,160.73563714902807,1
yours,160.87041036717062,0
sandy,160.8816414686825,1
acids,160.97580993520518,0
grand,161.01900647948165,1
noose,161.0682505399568,1
rabid,161.14082073434125,1
civet,161.18574514038878,0
gleam,161.3317494600432,1
gaped,161.35161987041036,0
rhyme,161.3766738660907,1
bodes,161.4060475161987,0
loamy,161.43023758099352,1
clasp,161.44319654427647,1
awoke,161.48812095032397,1
latch,161.50194384449244,1
vials,161.5477321814255,0
surer,161.56673866090713,1
chaos,161.6341252699784,1
twain,161.79481641468684,0
fibre,161.82246220302375,1
lunge,161.89071274298055,1
leery,161.9209503239741,1
start,162.02980561555077,1
worst,162.22764578833693,1
tarts,162.2622030237581,0
irked,162.2768898488121,0
chafe,162.29071274298056,1
wheat,162.31749460043196,1
goads,162.47386609071273,0
chant,162.49287257019438,1
ombre,162.53606911447082,1
grams,162.57753779697623,0
cleft,162.67602591792658,1
stalk,162.6768898488121,1
vents,162.7071274298056,0
paper,162.733909287257,1
writs,162.75291576673865,0
shrew,162.80907127429805,1
scold,162.89805615550756,1
dunce,162.90323974082074,1
ruler,162.9049676025918,1
visor,163.10885529157667,1
teens,163.11663066954645,0
toast,163.22894168466522,1
there,163.28250539956804,1
grins,163.31792656587473,0
plaid,163.370626349892,1
guest,163.40259179265658,1
phial,163.43196544276458,0
broad,163.53390928725702,1
graft,163.55377969762418,1
scalp,163.63239740820734,1
caked,163.67991360691144,0
erode,163.74730021598273,1
align,163.79913606911447,1
baize,163.90453563714902,0
grief,163.97624190064795,1
drive,164.0038876889849,1
forts,164.0159827213823,0
cyber,164.06781857451404,1
claim,164.10410367170627,1
voila,164.1317494600432,1
swain,164.28725701943844,0
gazer,164.3036717062635,1
ovine,164.3572354211663,1
fault,164.3831533477322,1
ladle,164.52051835853132,1
abhor,164.5317494600432,1
boney,164.58099352051835,1
chute,164.6025917926566,1
globe,164.6682505399568,1
threw,164.69244060475162,1
white,164.7157667386609,1
drawl,164.75637149028077,1
peaks,164.80388768898487,0
blurt,164.85226781857452,1
vital,164.8574514038877,1
split,164.92656587473002,1
dicey,164.94125269978403,1
sites,164.94816414686824,0
flues,165.00518358531318,0
peace,165.0172786177106,1
rearm,165.06479481641466,1
basic,165.10280777537798,1
wrath,165.11749460043197,1
freak,165.12872570194384,1
tempo,165.1451403887689,1
purge,165.1719222462203,1
sperm,165.20907127429805,1
brief,165.2099352051836,1
bides,165.27732181425486,0
drove,165.38099352051836,1
stork,165.5218142548596,1
wired,165.55637149028078,0
tumor,165.5572354211663,1
robin,165.56501079913608,1
mercy,165.5892008639309,1
flake,165.60302375809937,1
dated,165.68596112311016,0
dirty,165.73520518358532,1
hours,165.94600431965443,0
prosy,165.96501079913605,0
carat,166.00043196544277,1
weird,166.00215982721383,1
aware,166.04622030237581,1
abate,166.05917926565874,1
sowed,166.07559395248379,0
gaunt,166.11360691144708,1
slurp,166.12483801295897,1
serge,166.25615550755938,0
foist,166.3036717062635,1
vicar,166.54989200863932,1
yokes,166.63110151187905,0
debit,166.6475161987041,1
gaily,166.688120950324,1
maids,166.7062634989201,0
beach,166.7071274298056,1
treed,166.79697624190067,0
viola,166.82980561555075,1
begot,166.8609071274298,0
greet,166.98704103671707,1
sails,166.98876889848813,0
coves,166.99222462203025,0
about,167.02246220302376,1
chide,167.03369330453563,1
bergs,167.0708423326134,0
corer,167.08207343412528,1
vines,167.08207343412528,0
chary,167.133909287257,0
gavel,167.15032397408206,1
total,167.22375809935207,1
tells,167.26436285097193,0
glory,167.31360691144707,1
sheer,167.56328293736502,1
hover,167.65658747300216,1
hurls,167.68596112311016,0
payee,167.7084233261339,1
wreak,167.81295896328294,1
ovals,167.9572354211663,0
crops,167.97624190064795,0
alley,168.0038876889849,1
patsy,168.0047516198704,1
hyper,168.1585313174946,1
blots,168.18012958963283,0
power,168.23974082073434,1
helps,168.38142548596113,0
thief,168.41511879049676,1
wants,168.4583153347732,0
skein,168.55161987041038,0
spree,168.55766738660907,1
rusty,168.5740820734341,1
third,168.63282937365008,1
towed,168.64233261339092,0
brags,168.6622030237581,0
incur,168.70194384449243,1
sward,168.7252699784017,0
buyer,168.7866090712743,1
torch,168.82634989200864,1
tanks,168.84190064794817,0
sahib,168.8695464362851,0
claps,168.97667386609072,0
tract,169.0414686825054,1
above,169.04578833693304,1
vault,169.05788336933045,1
helms,169.08725701943845,0
hilts,169.20561555075594,0
tulle,169.3205183585313,1
veins,169.34298056155507,0
hovel,169.36025917926565,1
debts,169.36803455723543,0
grabs,169.50885529157668,0
chain,169.5425485961123,1
amity,169.60043196544277,1
aptly,169.61425485961124,1
elope,169.62375809935205,1
crank,169.71447084233262,1
chard,169.77667386609073,1
drank,169.8596112311015,1
wince,169.9097192224622,1
hands,170.19654427645787,0
scrip,170.4902807775378,0
horny,170.51965442764578,1
lousy,170.61295896328295,1
caput,170.6475161987041,1
bolts,170.69935205183586,0
foils,170.71403887688987,0
cribs,170.76414686825055,0
habit,170.77537796976242,1
lawns,170.792656587473,0
yelps,170.92915766738662,0
allot,171.0941684665227,1
clang,171.17105831533476,1
count,171.27645788336935,1
omega,171.34211663066955,1
dowel,171.36630669546437,1
maybe,171.40777537796976,1
abase,171.42159827213823,1
clods,171.43974082073436,0
menus,171.49676025917927,0
deter,171.5304535637149,1
wards,171.6341252699784,0
hardy,171.66781857451403,1
zones,171.6989200863931,0
wider,171.75161987041037,1
ducat,171.8120950323974,0
draws,171.86652267818573,0
unsay,171.86652267818573,0
ovary,171.88466522678186,1
sages,171.88812095032398,0
quote,171.8924406047516,1
panic,171.94514038876892,1
scene,172.0989200863931,1
elect,172.11619870410368,1
rowed,172.1170626349892,0
pined,172.12742980561555,0
curve,172.13347732181427,1
pours,172.18358531317494,0
scout,172.21036717062634,1
perch,172.23369330453565,1
impel,172.26997840172785,1
spend,172.28552915766738,1
grove,172.49287257019438,1
corps,172.5196544276458,0
stars,172.5377969762419,0
glint,172.55766738660907,1
clams,172.58617710583152,0
tempi,172.61382289416846,0
guard,172.61555075593952,1
calms,172.62850971922248,0
lapel,172.67516198704104,1
waver,172.72008639308856,1
spoke,172.76846652267818,1
whose,172.81598272138228,1
tubal,172.84449244060474,1
hinge,172.8695464362851,1
shove,172.88855291576672,1
brunt,172.93866090712743,1
beaks,173.09935205183587,0
cheap,173.2427645788337,1
angry,173.27127429805617,1
toque,173.41295896328293,0
prize,173.42505399568034,1
palsy,173.4535637149028,1
niece,173.46738660907127,1
epics,173.48639308855292,0
inner,173.51749460043197,1
stank,173.59092872570196,1
colds,173.63585313174946,0
smoke,173.64449244060475,1
wakes,173.71015118790496,0
repel,173.73347732181426,1
chest,173.81900647948166,1
exact,173.8526997840173,1
prank,173.86911447084233,1
began,173.93218142548596,1
pinto,173.95032397408207,1
pasty,173.98747300215982,1
gibes,173.99179265658748,0
alias,174.00820734341252,0
guano,174.01684665226782,0
meter,174.0280777537797,1
atoll,174.04190064794818,1
quart,174.12224622030237,1
evils,174.24578833693306,0
bilge,174.27602591792655,1
mauve,174.29676025917928,1
jails,174.35550755939525,0
masse,174.41166306695465,1
omits,174.41511879049676,0
prawn,174.5161987041037,1
moult,174.53952483801297,1
cloth,174.5438444924406,1
dread,174.55161987041038,1
caved,174.66652267818574,0
micro,174.77624190064796,1
flour,174.86090712742978,1
rifts,174.90842332613389,0
hasty,175.02591792656585,1
dikes,175.05529157667388,0
urged,175.12872570194384,0
liked,175.13563714902807,0
bloke,175.1511879049676,1
adder,175.18833693304538,0
topic,175.19179265658747,1
fiber,175.20475161987042,1
lowed,175.36544276457883,0
grunt,175.54341252699786,1
thyme,175.5866090712743,1
beady,175.592656587473,1
boned,175.59697624190065,0
locus,175.67041036717063,1
isles,175.7196544276458,0
utter,175.73088552915766,1
pansy,175.73261339092872,1
decoy,175.741252699784,1
quiet,175.78099352051836,1
tarry,175.84665226781857,0
rings,175.92095032397407,0
quite,176.05745140388768,1
mower,176.18704103671706,1
glaze,176.20086393088553,1
dwelt,176.2034557235421,1
final,176.25097192224624,1
retry,176.35464362850973,1
beret,176.37365010799135,1
round,176.39870410367172,1
mends,176.42289416846654,0
noses,176.4427645788337,0
hoped,176.47300215982722,0
vapor,176.48250539956803,1
voted,176.5049676025918,0
girly,176.56025917926564,1
elder,176.60172786177105,1
vices,176.62591792656588,0
racks,176.64838012958964,0
demur,176.75550755939526,1
knead,176.97235421166306,1
units,177.12786177105832,0
souse,177.13218142548595,0
rural,177.13390928725704,1
badge,177.20561555075594,1
leper,177.2375809935205,1
crypt,177.266090712743,1
cults,177.30842332613392,0
sling,177.32397408207342,1
tangy,177.385313174946,1
modal,177.60043196544277,1
gases,177.63585313174946,0
drawn,177.74211663066956,1
rheum,177.9572354211663,0
fruit,178.0695464362851,1
harpy,178.07386609071276,1
auras,178.0816414686825,0
gazes,178.1377969762419,0
sworn,178.1464362850972,1
mirth,178.16025917926567,1
egret,178.23455723542116,1
chime,178.26306695464362,1
lasso,178.3365010799136,1
curly,178.33736501079915,1
demon,178.4548596112311,1
plays,178.47213822894167,0
movie,178.5740820734341,1
girth,178.58704103671707,1
shark,178.58704103671707,1
algae,178.6483801295896,1
muted,178.70194384449243,0
elide,178.71403887688984,1
preen,178.78833693304537,1
pious,178.78833693304537,0
ethic,178.86868250539956,1
burnt,178.8695464362851,1
heath,178.9023758099352,1
pokes,179.0267818574514,0
vaunt,179.02937365010797,1
genus,179.1244060475162,0
cubes,179.13218142548595,0
spike,179.24190064794817,1
aided,179.29719222462202,0
afoul,179.31274298056155,1
cabin,179.32742980561557,1
drops,179.3317494600432,0
cress,179.43974082073433,1
drier,179.45701943844495,1
clefs,179.5105831533477,0
linen,179.6280777537797,1
broth,179.63758099352052,1
disco,179.6937365010799,1
lefty,179.7049676025918,1
mined,179.7386609071274,0
viper,179.75939524838014,1
clews,179.77149028077756,0
spurt,179.78012958963282,1
typed,179.78963282937366,0
temps,179.83369330453564,0
speak,179.8535637149028,1
bacon,179.89589632829373,1
ruses,179.99006479481642,0
taint,180.03671706263498,1
hotly,180.04535637149027,1
gnome,180.2526997840173,1
focal,180.3244060475162,1
whine,180.3278617710583,1
paean,180.40734341252698,0
burst,180.52397408207344,1
dense,180.56544276457882,1
vague,180.5732181425486,1
faith,180.62850971922248,1
slats,180.76241900647946,0
meres,180.7900647948164,0
ether,180.80302375809936,1
pawed,180.95421166306696,0
elfin,181.01468682505399,1
coven,181.18574514038875,1
veldt,181.20907127429805,0
salts,181.2842332613391,0
roved,181.40777537796976,0
graph,181.43023758099352,1
oasis,181.5002159827214,0
drips,181.5244060475162,0
tents,181.52526997840175,0
admit,181.56414686825056,1
rerun,181.5667386609071,1
filed,181.72570194384448,0
clogs,181.7498920086393,0
plume,181.79827213822895,1
crass,181.83455723542116,1
trick,181.84665226781857,1
spurn,181.86047516198704,1
podia,181.86393088552916,0
fetus,182.12224622030237,1
poems,182.155939524838,0
chats,182.1792656587473,0
tulip,182.20431965442765,1
eight,182.21987041036718,1
neigh,182.29503239740822,1
waken,182.33218142548597,0
rebar,182.34082073434124,1
diver,182.3598272138229,1
natal,182.47213822894167,1
guide,182.4781857451404,1
dopey,182.51792656587475,1
mazes,182.52224622030238,0
facts,182.54470842332614,0
wraps,182.62678185745142,0
welsh,182.6319654427646,1
fuels,182.82116630669546,0
bruin,183.0,0
puree,183.21425485961126,1
besom,183.2816414686825,0
apace,183.28596112311016,0
savoy,183.3110151187905,1
apple,183.36889848812095,1
tongs,183.3913606911447,0
manic,183.4259179265659,1
stall,183.5425485961123,1
birth,183.54946004319655,1
brawl,183.65053995680347,1
audio,183.71274298056153,1
farms,183.73866090712744,0
primo,183.7498920086393,1
glued,183.80950323974082,0
fraud,183.85183585313175,1
blend,183.85442764578835,1
vista,183.86652267818576,1
fetid,183.91490280777538,1
doves,183.9745140388769,0
shelf,183.99092872570196,1
extol,184.0781857451404,1
turbo,184.0790496760259,1
cramp,184.11792656587474,1
right,184.14730021598274,1
parks,184.33304535637149,0
siege,184.38315334773216,1
apnea,184.47213822894167,1
guilt,184.54989200863932,1
cloak,184.63714902807774,1
ashes,184.69071274298057,0
mourn,184.76501079913606,1
flesh,184.7892008639309,1
famed,184.85399568034558,0
roost,184.8669546436285,1
briny,184.95507559395247,1
fauns,184.96285097192225,0
bends,184.9879049676026,0
ovens,184.99740820734343,0
donut,185.04319654427647,1
prism,185.08725701943843,1
mover,185.09071274298057,1
waves,185.18488120950323,0
swarm,185.2876889848812,1
fakir,185.29114470842333,0
octet,185.32570194384448,1
china,185.37408207343412,1
manly,185.58315334773218,1
dupes,185.67645788336932,0
longs,185.77235421166307,0
rolls,185.90799136069114,0
obeys,185.92095032397407,0
loved,185.98315334773218,0
blaze,186.13174946004318,1
tweak,186.27257019438446,1
warms,186.3935205183585,0
bicep,186.44622030237582,1
steed,186.44794816414688,1
login,186.47991360691145,1
bases,186.6,0
glove,186.8012958963283,1
bison,186.82980561555075,1
bower,186.85226781857452,0
logic,187.24967602591792,1
pikes,187.3023758099352,0
apart,187.35334773218142,1
trots,187.60647948164146,0
ducal,187.6721382289417,0
mused,187.9667386609071,0
soils,188.03326133909286,0
march,188.09719222462203,1
sound,188.1369330453564,1
trunk,188.20431965442765,1
dried,188.21900647948166,1
croup,188.30194384449246,1
seams,188.32613390928725,0
leave,188.34082073434126,1
marks,188.42030237580994,0
askew,188.48077753779697,1
heavy,188.50669546436285,1
riper,188.59308855291576,1
knave,188.69071274298057,1
reeds,188.71922246220302,0
built,188.72872570194386,1
bowel,188.82721382289415,1
spark,188.89373650107993,1
lasts,188.98358531317496,0
genre,189.00518358531318,1
diode,189.0181425485961,1
churl,189.05529157667385,0
rupee,189.17796976241902,1
torso,189.24449244060474,1
wipes,189.25053995680346,0
zonal,189.31879049676024,1
sheen,189.3619870410367,1
sorts,189.41295896328293,0
gland,189.41727861771056,1
flash,189.41987041036717,1
ratty,189.45961123110152,1
claws,189.46393088552918,0
belie,189.5900647948164,1
hurts,189.60129589632828,0
slimy,189.68250539956804,1
brier,189.829373650108,0
denim,189.83196544276456,1
giver,189.9269978401728,1
gnash,189.9987041036717,1
sprig,190.02030237580993,1
cello,190.0332613390929,1
bands,190.10583153347733,0
mints,190.16889848812096,0
holds,190.20000000000002,0
shady,190.21123110151188,1
liege,190.2794816414687,1
forty,190.5058315334773,1
sleep,190.58876889848813,1
bleak,190.6475161987041,1
rider,190.66565874730023,1
label,190.8133909287257,1
lusty,190.86522678185744,1
hives,190.87904967602591,0
nasal,190.91274298056155,1
evict,190.93002159827213,1
volts,191.0095032397408,0
peers,191.06047516198703,0
bribe,191.34816414686827,1
rebel,191.36285097192226,1
bland,191.36457883369332,1
flits,191.4380129589633,0
tawny,191.50539956803456,1
sheet,191.56760259179265,1
pints,191.6488120950324,0
tunic,191.87516198704103,1
depth,191.95377969762419,1
nests,192.05831533477323,0
heels,192.17235421166308,0
girds,192.19308855291575,0
yacht,192.19740820734341,1
crepe,192.27948164146866,1
froth,192.46609071274298,1
throb,192.49200863930886,1
slack,192.58358531317495,1
ensue,192.60691144708426,1
babes,192.6328293736501,0
brawn,192.71144708423327,1
semen,192.76414686825055,1
gorge,192.77710583153348,1
hydra,192.82116630669546,0
befit,192.83326133909287,1
covey,192.85399568034558,1
foams,192.87127429805614,0
cavil,192.90669546436285,1
sheik,192.97494600431966,1
nonce,193.0501079913607,0
rills,193.05788336933045,0
dives,193.13218142548595,0
whirl,193.18833693304535,1
baked,193.27991360691144,0
wield,193.31619870410367,1
betel,193.32742980561557,1
gauze,193.3904967602592,1
paved,193.52613390928727,0
field,193.5278617710583,1
torts,193.55550755939524,0
grips,193.67127429805615,0
barks,193.6842332613391,0
flint,193.81727861771057,1
charm,193.82159827213823,1
ingot,193.86047516198704,1
anvil,193.8708423326134,1
fours,193.87516198704103,0
unity,193.92786177105833,1
nomad,194.01684665226782,1
birds,194.27861771058315,0
these,194.2803455723542,1
video,194.31922246220304,1
paths,194.4228941684665,0
rodeo,194.4315334773218,1
bused,194.51015118790497,1
agony,194.55680345572355,1
hints,194.64319654427646,0
curds,194.72181425485962,0
exist,194.73131749460043,1
waged,194.75032397408208,0
sized,194.7814254859611,0
drift,194.86263498920087,1
dress,194.97580993520518,1
debut,194.98531317494601,1
creed,195.01382289416847,1
creme,195.20388768898488,1
prowl,195.22116630669547,1
crush,195.26090712742982,1
spout,195.35421166306696,1
scars,195.39481641468683,0
bravo,195.4941684665227,1
atlas,195.49676025917927,0
crows,195.7317494600432,0
zebra,195.80431965442764,1
shawl,195.86393088552916,1
equal,195.98056155507558,1
brims,196.007343412527,0
shout,196.02721382289417,1
tithe,196.03585313174946,1
binge,196.07386609071276,1
titan,196.1473002159827,1
cozen,196.1550755939525,0
clips,196.17840172786177,0
hangs,196.18012958963283,0
flout,196.2889848812095,1
quail,196.34168466522678,1
vocal,196.3572354211663,1
south,196.3753779697624,1
briar,196.4012958963283,1
roots,196.41857451403888,0
green,196.48077753779697,1
lived,196.55853131749458,0
babel,196.62332613390927,0
optic,196.6406047516199,1
tacks,196.7097192224622,0
laugh,196.78833693304537,1
palms,196.8021598272138,0
moves,196.84362850971922,0
sting,196.87127429805616,1
shoes,196.91533477321815,0
cells,196.93693304535637,0
cowed,196.97753779697624,0
world,197.12699784017278,1
fiord,197.14427645788336,0
doses,197.23326133909288,0
joist,197.37753779697624,1
slink,197.458747300216,1
roger,197.4708423326134,1
piper,197.47170626349893,1
vegan,197.49071274298055,1
burns,197.50453563714905,0
mount,197.58315334773218,1
newly,197.62721382289416,1
order,197.66954643628512,1
doted,197.7170626349892,0
obese,197.7498920086393,1
baths,197.78099352051836,0
psalm,197.81123110151188,1
lifts,197.88120950323975,0
beset,197.97624190064795,1
candy,198.12138228941686,1
goose,198.2328293736501,1
creep,198.3451403887689,1
lingo,198.41857451403888,1
cache,198.44535637149028,1
datum,198.46609071274298,1
gauge,198.4989200863931,1
could,198.52742980561555,1
hymen,198.53606911447085,1
totem,198.63369330453565,1
lurch,198.84535637149025,1
stamp,198.86522678185744,1
gonad,198.87473002159828,1
pangs,198.90323974082074,0
moose,198.94211663066957,1
forth,199.01900647948165,1
froze,199.06738660907126,1
deign,199.29114470842333,1
ardor,199.38099352051836,1
medic,199.43023758099352,1
prong,199.47948164146868,1
circa,199.62634989200865,1
lamps,199.62634989200865,0
sewer,199.71879049676025,1
posse,199.74470842332613,1
sides,199.74557235421165,0
frees,199.83455723542116,0
midst,199.84319654427645,1
choke,199.86393088552913,1
verbs,199.92008639308855,0
sigma,199.93563714902808,1
clank,200.0436285097192,1
rally,200.1196544276458,1
cloud,200.16889848812093,1
eaves,200.2172786177106,0
sects,200.22505399568036,0
users,200.23196544276456,0
dosed,200.4341252699784,0
stack,200.47041036717062,1
synod,200.4781857451404,1
moped,200.47904967602594,0
women,200.78228941684665,1
multi,200.79956803455724,0
derby,200.80647948164147,1
sided,200.9257019438445,0
blocs,200.9403887688985,0
juice,200.98012958963284,1
fused,201.03196544276457,0
hello,201.03714902807775,1
tacit,201.06911447084235,1
ebony,201.13218142548595,1
shirk,201.19265658747298,1
duvet,201.22462203023758,1
stirs,201.236717062635,0
piece,201.28336933045355,1
waxes,201.32483801295896,0
fined,201.39827213822895,0
theta,201.4414686825054,1
mesas,201.44838012958962,0
harsh,201.45269978401728,1
trout,201.6695464362851,1
femur,201.67904967602593,1
frank,201.71447084233262,1
proud,201.7498920086393,1
chief,201.76371490280778,1
brigs,201.84665226781857,0
doled,201.85529157667386,0
blunt,201.88812095032398,1
virus,201.97019438444923,1
devil,202.01598272138227,1
corks,202.07386609071276,0
favor,202.12397408207343,1
shaft,202.1377969762419,1
shiny,202.15766738660906,1
sumac,202.23714902807777,1
fleet,202.37019438444923,1
recur,202.48941684665226,1
perky,202.54816414686826,1
lurks,202.6267818574514,0
sibyl,202.75637149028077,0
issue,203.23412526997842,1
taunt,203.26436285097193,1
bayou,203.52613390928727,1
below,203.54600431965443,1
serve,203.6548596112311,1
belch,203.84233261339094,1
risky,203.93736501079914,1
fords,203.93995680345571,0
necks,204.0012958963283,0
legal,204.02116630669545,1
thank,204.03844492440604,1
wroth,204.07386609071276,0
light,204.12397408207343,1
oxide,204.37365010799138,1
radii,204.3857451403888,1
fiche,204.39784017278618,0
exits,204.51533477321814,0
sauna,204.75637149028077,1
bugle,204.76155507559395,1
tools,204.76414686825055,0
tolls,205.02678185745143,0
growl,205.03369330453563,1
swept,205.37667386609073,1
tipsy,205.40691144708424,1
polka,205.49935205183587,1
ivory,205.5036717062635,1
detox,205.53736501079914,1
yoked,205.60302375809937,0
helix,205.64017278617712,1
being,205.65745140388768,1
essay,205.66695464362851,1
grass,205.71015118790496,1
plank,206.0133909287257,1
patch,206.17321814254862,1
cheer,206.38920086393088,1
sword,206.46868250539956,1
poked,206.60950323974083,0
crown,206.64492440604752,1
rocks,206.69330453563717,0
verse,206.71144708423327,1
major,206.7157667386609,1
snaky,206.79092872570195,1
gives,206.8401727861771,0
enema,206.94557235421166,1
lacks,207.0561555075594,0
bulge,207.07343412526998,1
dukes,207.13995680345573,0
brisk,207.31619870410367,1
aroma,207.429373650108,1
jaunt,207.4561555075594,1
salad,207.50453563714902,1
steep,207.59265658747302,1
stool,207.80086393088555,1
owned,207.80259179265659,0
rarer,207.84319654427645,1
alarm,207.86393088552916,1
waked,207.94254859611232,0
color,208.007343412527,1
dawns,208.03239740820734,0
flume,208.14816414686825,1
chord,208.34082073434126,1
daubs,208.59049676025919,0
valid,208.8159827213823,1
smirk,208.93002159827213,1
carry,208.9818574514039,1
begin,209.01555075593953,1
ricks,209.1606911447084,0
crazy,209.20215982721382,1
ghost,209.25658747300216,1
imbue,209.39308855291577,1
genie,209.40518358531318,1
churn,209.56673866090713,1
knots,209.62980561555077,0
elude,209.63930885529157,1
saves,209.6539956803456,0
teems,209.69460043196545,0
rungs,209.81123110151188,0
frond,209.92095032397407,1
snack,209.9416846652268,1
press,209.95032397408207,1
meets,209.99956803455726,0
yawns,210.0254859611231,0
scowl,210.12138228941686,1
poses,210.32872570194385,0
humor,210.3460043196544,1
towns,210.38920086393088,0
wands,210.40388768898487,0
biped,210.74946004319656,0
bouts,210.92224622030238,0
testy,210.9887688984881,1
tutor,211.00259179265657,1
armor,211.0647948164147,1
amigo,211.07257019438444,0
worth,211.12267818574514,1
mango,211.14427645788336,1
lanky,211.18833693304535,1
flaps,211.21771058315335,0
epoch,211.30410367170626,1
swami,211.38012958963284,1
gusto,211.385313174946,1
stilt,211.43974082073433,1
notch,211.53736501079914,1
shell,211.54686825053997,1
pixel,211.59179265658747,1
eerie,211.62116630669547,1
handy,211.74211663066953,1
exult,211.74211663066956,1
gamut,211.79827213822895,1
widen,211.83110151187907,1
eying,211.98574514038876,1
lorry,211.992656587473,1
rough,212.06004319654429,1
tryst,212.26133909287256,1
gamin,212.36933045356372,0
droll,212.41857451403888,1
lambs,212.55939524838013,0
friar,212.5619870410367,1
adage,212.614686825054,1
sever,212.69589632829374,1
slits,212.92138228941684,0
shank,212.98358531317496,1
etude,212.99049676025916,1
agape,213.02850971922248,1
aught,213.12872570194386,0
boxer,213.20043196544276,1
caulk,213.2375809935205,1
eases,213.25917926565876,0
local,213.28855291576673,1
aping,213.76630669546435,1
nudge,213.7680345572354,1
cling,213.78272138228942,1
prior,213.84838012958963,1
bangs,213.88725701943844,0
quake,214.01771058315336,1
waxen,214.0254859611231,1
axion,214.10323974082073,1
slick,214.14038876889848,1
scrum,214.14211663066953,1
frogs,214.15075593952483,0
agora,214.16630669546436,1
beaux,214.1758099352052,0
sorry,214.24751619870412,1
brush,214.35205183585316,1
fiend,214.45399568034557,1
sleds,214.65788336933045,0
zesty,214.6708423326134,1
spies,214.71835853131748,0
slung,214.79438444924406,1
tally,214.79611231101512,1
bench,214.8280777537797,1
trump,214.88164146868252,1
chirp,214.90064794816413,1
ahead,214.9766738660907,1
odder,215.12786177105832,1
lofty,215.29805615550757,1
waifs,215.32742980561557,0
reefs,215.34730021598273,0
sleek,215.4768898488121,1
still,215.53218142548596,1
swath,215.58315334773218,1
bigot,215.59956803455722,1
cross,215.607343412527,1
feuds,215.61166306695463,0
input,215.61684665226784,1
flags,215.64967602591793,0
brass,215.8233261339093,1
tacky,215.82937365010798,1
shunt,215.97019438444926,1
dells,216.01857451403887,0
group,216.09978401727864,1
segue,216.11274298056156,1
purer,216.25010799136072,1
porch,216.48855291576672,1
links,216.51706263498923,0
canal,216.6034557235421,1
class,216.6768898488121,1
pence,216.79697624190064,1
drill,216.81684665226783,1
quasi,216.8488120950324,1
vases,216.8695464362851,0
joker,216.87041036717062,1
crimp,216.92483801295896,1
vowel,216.93347732181425,1
scrub,216.96803455723543,1
popes,217.02505399568037,0
cacti,217.08466522678185,1
midge,217.20043196544276,1
ponds,217.35161987041036,0
scuba,217.42246220302374,1
needs,217.4656587473002,0
truck,217.52008639308855,1
words,217.61079913606912,0
pawns,217.62289416846653,0
reeks,217.62375809935207,0
casts,217.78876889848812,0
stink,217.84578833693303,1
twang,217.86306695464364,1
trust,217.93995680345574,1
valve,217.94254859611232,1
fount,218.07645788336933,0
throw,218.11533477321817,1
welch,218.1585313174946,1
admin,218.19913606911447,1
spawn,218.33736501079915,1
yells,218.35896328293737,0
dykes,218.50410367170628,0
month,218.55939524838013,1
pouty,218.59568034557233,1
gravy,218.70799136069115,1
human,218.72872570194383,1
renew,218.91274298056155,1
cycle,218.9343412526998,1
sweet,218.93952483801297,1
avoid,218.96976241900649,1
heave,218.98963282937365,1
topaz,219.00518358531318,1
dozen,219.03023758099351,1
loyal,219.3196544276458,1
hence,219.3965442764579,1
gourd,219.42850971922246,1
twins,219.44060475161984,0
grind,219.46738660907127,1
among,219.48466522678186,1
aphid,219.50712742980562,1
cooed,219.50712742980562,0
syrup,219.51490280777537,1
clamp,219.5580993520518,1
calls,219.65572354211662,0
lucid,219.76976241900647,1
query,219.82764578833695,1
spars,219.97537796976243,0
beets,220.05140388768896,0
venom,220.06868250539955,1
shall,220.14211663066956,1
minty,220.1879049676026,1
revel,220.40561555075595,1
spiny,220.4488120950324,1
joint,220.50410367170628,1
batch,220.63628509719223,1
tills,220.64838012958964,0
drool,220.68812095032396,1
prows,220.74859611231102,0
sight,220.76846652267818,1
decks,220.9464362850972,0
magic,221.07861771058316,1
arbor,221.14600431965442,1
sends,221.17365010799136,0
youth,221.38963282937362,1
feign,221.59265658747302,1
sieve,221.65745140388768,1
mixes,221.75161987041037,0
pesos,221.79308855291578,0
knits,221.84406047516197,0
quota,221.95896328293736,1
match,222.01684665226782,1
gilds,222.2388768898488,0
drums,222.36760259179266,0
sally,222.3840172786177,1
vogue,222.6682505399568,1
serfs,222.69676025917926,0
borax,222.77278617710581,1
hydro,222.77451403887687,1
ruder,222.8315334773218,1
boxes,222.84449244060474,0
touch,222.8989200863931,1
bible,222.93866090712746,1
macho,222.95421166306696,1
knife,223.05269978401728,1
canon,223.0889848812095,1
tenth,223.12267818574514,1
firms,223.21857451403886,0
fetch,223.2669546436285,1
tilts,223.26868250539957,0
forms,223.31619870410367,0
silky,223.32397408207345,1
fixer,223.37235421166307,1
burly,223.47343412527,1
ducts,223.5952483801296,0
spank,223.59697624190065,1
reedy,223.71015118790498,1
gecko,223.8008639308855,1
libel,224.0341252699784,1
woken,224.15334773218143,1
seize,224.16285097192224,1
lever,224.16803455723542,1
gazed,224.20431965442765,0
nerve,224.24492440604752,1
iliac,224.28207343412527,1
drugs,224.31317494600432,0
shrug,224.39524838012957,1
tasty,224.46436285097195,1
fangs,224.56025917926564,0
newer,224.59568034557236,1
slash,224.63628509719223,1
harry,224.74600431965442,1
chins,224.8643628509719,0
fives,224.99740820734343,0
quest,225.00518358531318,1
lilac,225.1537796976242,1
drink,225.1693304535637,1
clown,225.33693304535637,1
fumes,225.3585313174946,0
grows,225.3913606911447,0
flees,225.40691144708424,0
troth,225.4267818574514,0
slays,225.61943844492438,0
rower,225.67732181425487,1
elbow,225.6997840172786,1
suing,226.0816414686825,1
bring,226.10669546436287,1
thrum,226.1377969762419,1
birch,226.1645788336933,1
mimes,226.3269978401728,0
chasm,226.40388768898487,1
idled,226.4194384449244,0
stock,226.5049676025918,1
alloy,226.5732181425486,1
wooer,226.62764578833693,1
ghoul,226.67602591792658,1
squat,226.8643628509719,1
foamy,226.8755939524838,1
unfed,226.94211663066955,1
drown,226.95766738660905,1
attic,226.96285097192225,1
pipes,227.2462203023758,0
aglow,227.3110151187905,1
truss,227.3913606911447,1
scamp,227.41036717062633,1
thong,227.42937365010798,1
hunts,227.48034557235422,0
dryer,227.54600431965443,1
locks,227.9805615550756,0
smith,228.02980561555074,1
woman,228.06609071274298,1
child,228.32440604751622,1
deuce,228.4937365010799,1
smell,228.53174946004322,1
spicy,228.5637149028078,1
folds,228.56889848812094,0
fluke,228.5827213822894,1
camps,228.59222462203022,0
fancy,228.65442764578833,1
wives,228.68120950323976,0
seedy,228.7624190064795,1
nobly,228.89114470842333,1
tying,229.00691144708424,1
sands,229.07602591792656,0
pivot,229.08812095032397,1
fitly,229.3317494600432,0
blond,229.43887688984884,1
leech,229.46047516198706,1
vigor,229.6963282937365,1
chaps,229.711879049676,0
fella,229.86047516198704,1
wagon,229.93131749460042,1
gouty,230.0479481641469,0
cubit,230.1257019438445,0
frisk,230.15075593952483,1
minus,230.29676025917925,1
scans,230.30367170626351,0
ketch,230.38574514038876,0
hefty,230.38920086393088,1
grill,230.3987041036717,1
lists,230.4781857451404,0
kneel,230.51879049676026,1
spell,230.9170626349892,1
rumba,231.2557235421166,1
coups,231.29200863930888,0
umbra,231.3291576673866,1
theme,231.47948164146865,1
loons,231.68077753779698,0
damps,231.8051835853132,0
dross,231.95550755939522,1
creek,231.96069114470842,1
grimy,231.98833693304536,1
bonus,232.15853131749458,1
sedge,232.16285097192224,0
hinds,232.22246220302375,0
natty,232.24838012958963,0
troop,232.4254859611231,1
yolks,232.46177105831532,0
toxin,232.47127429805616,1
stomp,232.47991360691148,1
blank,232.50237580993522,1
halls,232.5049676025918,0
madly,232.55680345572353,1
merge,232.58790496760258,1
feels,232.72095032397408,0
meted,232.7961123110151,0
waved,232.82634989200864,0
shrub,232.87904967602591,1
wafts,232.88941684665227,0
barbs,232.97408207343412,0
motif,233.0570194384449,1
joins,233.1693304535637,0
await,233.23844492440605,1
moths,233.6341252699784,0
jerks,233.73952483801295,0
foxes,233.80259179265659,0
filth,233.83196544276456,1
slunk,233.93304535637148,1
stays,234.2354211663067,0
pique,234.52138228941683,1
worms,234.65442764578833,0
unwed,234.75637149028077,1
weigh,234.792656587473,1
envoy,234.86349892008639,1
taboo,234.89200863930887,1
annul,235.02246220302374,1
keels,235.18228941684663,0
mowed,235.33606911447083,0
wiped,235.36889848812095,0
stick,235.57883369330455,1
river,235.6989200863931,1
endow,235.78185745140388,1
brink,236.0496760259179,1
brows,236.07041036717064,0
lungs,236.11274298056156,0
seven,236.15421166306697,1
strut,236.50151187904967,1
skies,236.58099352051838,0
greed,236.58876889848813,1
koala,236.6958963282937,1
arrow,236.73477321814255,1
oakum,236.9058315334773,0
given,237.0086393088553,1
pests,237.20561555075594,0
stung,237.30410367170626,1
rover,237.5693304535637,1
tombs,237.58920086393087,0
vomit,237.69719222462203,1
bonds,237.77840172786176,0
parry,238.00993520518358,1
empty,238.19913606911447,1
thing,238.20950323974083,1
howls,238.3071274298056,0
jokes,238.34254859611232,0
tough,238.37278617710584,1
morph,238.49460043196544,1
merry,238.53347732181425,1
study,238.56544276457885,1
wench,238.77624190064796,1
lunch,238.86781857451402,1
rabbi,238.88855291576672,1
rocky,238.97321814254857,1
banks,238.99568034557234,0
licks,239.0622030237581,0
gnaws,239.15896328293738,0
divan,239.22548596112313,0
abbey,239.2453563714903,1
never,239.3023758099352,1
wreck,239.31274298056155,1
ticks,239.45269978401728,0
sough,239.51922246220303,0
dusty,239.52613390928727,1
usual,239.6047516198704,1
whelp,240.0254859611231,1
wrack,240.08336933045356,1
upper,240.2501079913607,1
revue,240.25788336933044,1
hound,240.35896328293737,1
flask,240.6060475161987,1
quilt,240.61295896328292,1
ditch,240.61987041036716,1
leeks,240.6388768898488,0
limbo,240.64233261339092,1
watch,240.79179265658746,1
udder,240.87213822894168,1
mocha,240.92224622030238,1
furze,240.95766738660907,0
rigor,241.38012958963282,1
night,241.7671706263499,1
lying,241.95809935205185,1
slags,241.99956803455723,0
junta,242.01252699784018,1
catty,242.0488120950324,1
gooey,242.12483801295897,1
seers,242.17926565874728,0
palmy,242.28466522678187,0
woven,242.29416846652268,1
shaky,242.39611231101512,1
doubt,242.55421166306698,1
speed,242.55593952483804,1
colic,242.6241900647948,0
gouge,242.65788336933045,1
cools,242.7572354211663,0
spoor,242.77365010799133,0
badly,243.10453563714904,1
flaws,243.14341252699782,0
small,243.24881209503243,1
flank,243.31792656587473,1
offer,243.3498920086393,1
havoc,243.35766738660908,1
pasta,243.51749460043197,1
fawns,243.52786177105833,0
pecks,243.6634989200864,0
evade,243.98660907127427,1
gotta,243.9952483801296,0
toxic,244.09546436285098,1
honor,244.1490280777538,1
limbs,244.32095032397407,0
lynch,244.3727861771058,1
dined,244.38228941684667,0
stint,244.4609071274298,1
crowd,244.48941684665226,1
clink,244.97580993520518,1
basis,245.1987041036717,1
brown,245.21166306695463,1
bells,245.2669546436285,0
kinda,245.2816414686825,0
souls,245.29632829373648,0
exile,245.3196544276458,1
wrong,245.3464362850972,1
mouth,245.3697624190065,1
bandy,245.42937365010798,0
slaps,245.52267818574515,0
basso,245.56760259179265,0
views,245.78704103671706,0
forks,245.81987041036717,0
doors,245.83369330453561,0
prick,245.9840172786177,1
fixes,246.03758099352052,0
glass,246.0436285097192,1
moved,246.31144708423327,0
motor,246.33390928725703,1
tenet,246.54384449244057,1
minds,246.58012958963283,0
snowy,246.8133909287257,1
fence,246.93952483801294,1
breed,246.97149028077754,1
diced,246.97840172786178,0
faded,246.97840172786178,0
pesky,246.99308855291576,1
chefs,247.01036717062635,0
music,247.30928725701943,1
wilds,247.66868250539957,0
mecca,247.67732181425487,1
begun,247.68250539956804,1
drunk,247.755939524838,1
plush,247.89071274298055,1
bowed,247.90712742980563,0
blind,247.9123110151188,1
grown,247.9529157667387,1
pound,247.97969762419007,1
bless,247.99265658747302,1
krill,248.12656587473003,1
slily,248.2354211663067,0
phony,248.30107991360688,1
doing,248.40129589632832,1
gross,248.70194384449246,1
exert,248.7451403887689,1
chalk,248.8306695464363,1
where,248.8997840172786,1
wring,248.96285097192222,1
itchy,249.0345572354212,1
unfit,249.10453563714904,1
walks,249.2375809935205,0
shift,249.85701943844492,1
amply,249.89676025917927,1
sheep,249.9278617710583,1
knees,250.0315334773218,0
joyed,250.04881209503242,0
using,250.11015118790496,1
grubs,250.16025917926564,0
glows,250.31749460043198,0
heeds,250.88336933045355,0
marry,250.95593952483802,1
elves,250.96285097192225,0
waxed,251.1840172786177,0
galls,251.21252699784014,0
larva,251.24190064794817,1
berry,251.46911447084233,1
beget,251.4829373650108,1
butte,251.58574514038875,1
amiss,251.85874730021598,1
opium,251.94600431965443,1
jeers,252.00647948164146,0
stags,252.22246220302378,0
fifes,252.43930885529159,0
clubs,252.56285097192224,0
sooty,252.6803455723542,1
annoy,252.82721382289415,1
privy,252.91274298056157,1
gaudy,253.28682505399567,1
pithy,253.32397408207345,1
dwarf,253.39568034557234,1
wharf,253.4285097192225,1
ledge,253.54341252699786,1
binds,253.8345572354212,0
sense,253.89589632829376,1
whist,253.9218142548596,0
guild,253.99006479481645,1
album,254.07473002159824,1
odium,254.22764578833693,0
afoot,254.30453563714903,1
index,254.44362850971922,1
speck,254.5170626349892,1
pitch,254.52051835853132,1
clung,254.53002159827213,1
tints,254.54730021598272,0
freed,254.63714902807777,1
ought,255.03974082073432,1
basal,255.36025917926565,1
razor,255.4924406047516,1
axiom,255.59956803455725,1
slosh,255.78012958963282,1
costs,255.80172786177107,0
blush,255.84319654427645,1
milch,255.99179265658748,0
gaffe,256.11015118790493,1
joust,256.17926565874734,1
asses,256.1879049676026,0
sofas,256.1887688984881,0
eking,256.32958963282937,1
donor,256.3304535637149,1
spans,256.34686825053996,0
vapid,256.9179265658747,1
dogma,256.96285097192225,1
augur,257.1978401727862,1
stems,257.207343412527,0
again,257.2738660907128,1
fatal,257.3421166306695,1
gusty,257.36544276457886,1
works,257.8708423326134,0
stunk,257.8855291576674,1
drama,257.9166306695464,1
mania,257.9183585313175,1
silly,257.9200863930886,1
brick,257.9520518358531,1
adapt,257.9892008639309,1
waded,257.9900647948164,0
think,258.15853131749464,1
would,258.28812095032396,1
frill,258.51187904967605,1
build,259.0777537796976,1
masts,259.08812095032397,0
buoys,259.25572354211664,0
frown,259.3818574514039,1
godly,259.44406047516196,1
swell,259.6012958963283,1
slabs,259.63585313174946,0
elegy,259.6600431965443,1
stout,259.66781857451406,1
robot,259.81123110151185,1
snaps,259.9745140388769,0
petty,260.0833693304536,1
props,260.22332613390927,0
fells,260.423758099352,0
twigs,260.60518358531317,0
wells,260.6561555075594,0
forum,260.7399568034557,1
bleep,260.8790496760259,1
event,260.9300215982721,1
stash,261.44060475161984,1
mangy,261.45788336933043,1
steps,261.4639308855291,0
attar,261.47084233261336,0
smack,261.49330453563715,1
avows,261.78099352051834,0
focus,261.7930885529158,1
waltz,262.2129589632829,1
bleed,262.23282937365013,1
feted,262.35464362850973,0
awake,262.43066954643626,1
films,262.53520518358533,0
needy,262.56198704103673,1
crump,262.68207343412524,1
coach,262.7244060475162,1
downs,262.9282937365011,0
defer,262.9714902807776,1
abbot,263.10712742980564,1
colon,263.16414686825055,1
banal,263.2341252699784,1
annex,263.27473002159826,1
cumin,263.59006479481644,1
botch,263.7170626349892,1
idiot,263.73866090712744,1
deeps,263.80345572354213,0
dolls,264.0194384449244,0
floor,264.02894168466526,1
shack,264.14902807775377,1
edify,264.15334773218143,1
budge,264.16803455723544,1
aloof,264.19827213822896,1
teddy,264.2889848812095,1
bowls,264.3183585313175,0
ferry,264.5593952483801,1
bitch,264.6155507559395,0
gifts,264.6466522678185,0
packs,265.1157667386609,0
mogul,265.16673866090713,1
ennui,265.20043196544276,1
musty,265.20215982721385,1
deems,265.3844492440605,0
wordy,265.5866090712743,1
enjoy,265.6617710583153,1
wheel,266.0894168466523,1
blows,266.2492440604752,0
flail,266.2647948164147,1
quark,266.58272138228944,1
balmy,266.5879049676026,1
undue,266.89892008639305,1
shown,267.0665226781858,1
snags,267.1088552915767,0
vinyl,267.28596112311016,1
dowry,267.4164146868251,1
tibia,267.44406047516196,1
stood,267.4717062634989,1
moldy,267.4958963282937,1
sixty,267.49676025917927,1
weave,267.5399568034557,1
stabs,268.0056155507559,0
suits,268.0436285097192,0
quays,268.2872570194384,0
moors,268.30021598272134,0
balls,268.3935205183585,0
venue,268.4755939524838,1
edges,268.631101511879,0
genii,268.83758099352053,0
slump,269.13563714902807,1
ficus,269.3153347732181,1
sewed,269.3170626349892,0
hacks,269.47257019438445,0
calyx,269.53650107991365,0
dingo,269.63585313174946,1
climb,269.66436285097194,1
mound,269.77408207343416,1
fudge,269.81468682505397,1
sloop,270.1023758099352,1
squad,270.12397408207346,1
muses,270.15507559395246,0
fleck,270.64838012958967,1
quash,270.7166306695465,1
dodge,270.7658747300216,1
alibi,271.01382289416847,1
chops,271.3317494600432,0
avail,271.5814254859611,1
rooms,271.9244060475162,0
queer,271.9641468682505,1
jerky,271.98747300215985,1
rowdy,272.0159827213823,1
banjo,272.2086393088553,1
spool,272.51792656587475,1
banns,272.58617710583155,0
fritz,272.85831533477324,1
fumed,273.1295896328294,0
gipsy,273.16414686825055,1
ditto,273.236717062635,1
pinch,273.34125269978404,1
truth,273.38099352051836,1
ember,273.43974082073436,1
every,273.5330453563715,1
backs,273.607343412527,0
dimly,273.8630669546436,1
canny,274.15334773218143,1
flush,274.3762419006479,1
finds,274.5524838012959,0
plugs,274.92656587473,0
knell,275.40604751619867,0
patty,275.5036717062635,1
union,275.5840172786177,1
sizes,275.67991360691144,0
black,276.0479481641469,1
awful,276.0522678185745,1
error,276.06177105831534,1
oozes,276.2976241900648,0
tweed,276.49460043196547,1
boors,276.65097192224624,0
domed,276.7866090712743,0
moron,276.97926565874735,1
fiefs,277.21425485961123,0
piped,277.2375809935205,0
sonny,277.4086393088553,0
sulky,277.4907127429806,1
blown,277.66263498920085,1
folks,277.8526997840173,0
enemy,278.154211663067,1
docks,278.1879049676026,0
modem,278.28812095032396,1
hills,278.3805615550756,0
swift,278.50669546436285,1
fasts,278.5352051835853,0
sixes,278.67775377969764,0
vests,278.70885529157664,0
swamp,278.7416846652268,1
nabob,278.79956803455724,0
chips,279.07688984881213,0
bingo,279.1330453563715,1
fowls,279.35507559395245,0
might,279.4656587473002,1
kinds,279.47257019438445,0
gloss,279.5874730021598,1
fluid,279.65658747300216,1
young,279.8345572354212,1
lusts,280.051403887689,0
pools,280.09805615550755,0
slops,280.19827213822896,0
falls,280.52397408207344,0
plums,280.76155507559395,0
pouch,280.7961123110151,1
curvy,280.8159827213823,1
quits,280.95334773218144,0
limit,281.21425485961123,1
monks,281.267818574514,0
gangs,281.34816414686827,0
wrung,281.4388768898488,1
conic,281.45529157667386,1
ozone,281.55464362850967,1
druid,281.9200863930885,1
occur,282.0099352051836,1
polls,282.01771058315336,0
allow,282.11015118790493,1
combs,282.25356371490284,0
flows,282.3442764578833,0
frock,282.65874730021596,1
junto,282.6742980561555,1
mixed,282.76328293736503,0
spill,282.8591792656588,1
walls,283.24622030237583,0
vowed,283.45010799136065,0
champ,283.7222462203024,1
shoot,283.75161987041037,1
boxed,283.80345572354213,0
blink,284.34254859611235,1
bound,284.3650107991361,1
tasks,284.5317494600432,0
crumb,285.07516198704104,1
winds,285.3153347732181,0
dutch,285.33520518358534,1
sheds,285.355939524838,0
stunt,285.97624190064795,1
sooth,286.3365010799136,1
proxy,286.34341252699784,1
swing,286.44794816414685,1
debug,286.55939524838016,1
bight,286.5663066954644,0
verge,286.59308855291573,1
qualm,287.4699784017279,1
ionic,287.4958963282938,1
joked,287.6194384449244,0
found,287.66436285097194,1
boost,288.09460043196543,1
guess,288.3874730021598,1
equip,288.7365010799136,1
pshaw,288.76501079913606,0
staff,288.8254859611231,1
vizor,288.8539956803456,0
loops,288.90928725701946,0
crack,288.92138228941684,1
bogus,288.9827213822894,0
flack,289.01641468682504,1
award,289.3213822894169,1
fuses,289.5494600431966,0
amaze,289.5822894168466,1
filch,289.592656587473,0
slips,289.7671706263499,0
pinks,290.3287257019438,0
dryly,290.33131749460046,1
lumps,290.39092872570194,0
penny,290.4082073434125,1
boded,290.511879049676,0
pupal,290.91360691144706,1
hymns,290.9231101511879,0
sells,291.0647948164147,0
catch,291.3991360691145,1
feeds,291.4639308855292,0
blitz,291.7136069114471,1
roofs,291.90971922246223,0
parka,291.92440604751624,1
stews,292.44449244060473,0
cough,292.51792656587475,1
witch,292.98876889848816,1
nouns,293.05874730021594,0
vixen,293.1451403887689,1
myths,293.5606911447084,0
swans,293.7438444924406,0
imply,293.8198704103672,1
rooks,294.2328293736501,0
hatch,294.28984881209504,1
avian,294.32958963282937,1
gassy,294.3874730021598,1
flaky,294.4194384449244,1
flown,294.4298056155508,1
gowns,294.51015118790497,0
posts,294.51619870410366,0
stuck,294.67429805615546,1
shoon,294.7010799136069,0
spots,295.14514038876894,0
showy,295.2246220302376,1
stoop,295.3377969762419,1
fling,295.38704103671705,1
nylon,295.82591792656586,1
wound,296.0764578833693,1
rumor,296.095464362851,1
dazed,296.2475161987041,0
plunk,296.5913606911447,1
bylaw,296.61900647948164,1
thick,296.6682505399568,1
gonna,296.8272138228942,0
dally,296.8989200863931,1
chess,297.089848812095,1
array,297.0933045356372,1
jaded,297.1235421166307,0
risks,297.2038876889849,0
alpha,297.4803455723542,1
hulks,297.4950323974082,0
smock,297.9131749460043,1
sweep,297.92095032397407,1
looms,298.3805615550756,0
gimme,298.49546436285095,0
gulch,298.5282937365011,1
dough,298.5438444924406,1
unify,298.614686825054,1
hoots,298.6198704103672,0
scull,298.96285097192225,0
bliss,298.99913606911446,1
batty,299.13045356371487,1
epoxy,299.1693304535637,1
cabal,299.6479481641469,1
curry,299.6850971922246,1
stump,300.0928725701944,1
leggy,300.10410367170624,1
knobs,300.11879049676025,0
wooed,300.2742980561555,0
fishy,300.27688984881206,1
mills,300.29589632829374,0
blimp,300.3010799136069,1
bided,300.3606911447084,0
fauna,300.42030237580997,1
shots,300.58617710583155,0
offal,300.6414686825054,1
kneed,300.8401727861771,1
delve,301.119222462203,1
funds,301.4354211663067,0
hedge,301.6444924406048,1
pills,301.75939524838014,0
coyly,302.19913606911445,1
width,302.2190064794816,1
naval,302.46004319654423,1
aging,303.3015118790497,1
usury,303.6539956803456,0
gills,303.7593952483801,0
belly,303.8043196544277,1
block,303.8224622030238,1
igloo,303.9580993520518,1
sappy,304.3745140388769,1
wings,304.689848812095,0
kiosk,304.72008639308854,1
shock,304.80302375809936,1
axial,304.8272138228942,1
smoky,304.85140388768895,1
folio,305.17105831533473,1
hosts,305.55291576673864,0
owing,305.5650107991361,1
sixth,305.7239740820734,1
kings,305.8561555075594,0
droop,305.98747300215985,1
stops,306.05917926565877,0
fewer,306.0894168466523,1
pasha,306.20777537796977,0
snoop,306.4522678185745,1
spiky,306.4816414686825,1
erred,306.50237580993524,0
weeds,306.6034557235421,0
texts,306.8902807775378,0
boots,306.9714902807775,0
spoon,306.98617710583153,1
snuck,307.69719222462203,1
milky,307.80691144708425,1
clump,307.85097192224623,1
tabby,308.0211663066955,1
mulch,308.15334773218143,1
tests,308.4306695464363,0
kebab,308.8004319654428,1
hawks,309.4699784017279,0
pubic,309.92095032397407,1
whiny,310.28725701943847,1
excel,310.304535637149,1
karma,311.4466522678186,1
spits,311.6082073434126,0
queen,311.6755939524838,1
shins,311.741252699784,0
evoke,312.141252699784,1
villa,312.6388768898488,1
tepee,312.688120950324,1
swill,313.20820734341254,1
bills,313.27127429805614,0
jests,313.7818574514039,0
icily,313.87170626349894,1
wight,313.9123110151188,1
vodka,314.00475161987043,1
dandy,314.0082073434125,1
rotor,314.212958963283,1
mists,314.2950323974082,0
fixed,314.57149028077754,0
burro,314.67602591792655,0
punch,314.94384449244063,1
quirk,315.0475161987041,1
salsa,315.3041036717063,1
holly,315.4259179265659,1
skill,315.4319654427646,1
fools,315.64535637149027,0
floss,315.6764578833693,1
fight,315.75939524838014,1
furor,315.8449244060475,1
beech,315.9978401727862,1
ninth,316.095464362851,1
duped,316.26825053995685,0
gulfs,316.45399568034554,0
weeps,316.98358531317496,0
mocks,316.98963282937365,0
humid,317.0777537796976,1
spurs,317.1200863930885,0
burrs,317.3784017278618,0
pagan,317.58228941684666,1
flock,317.74470842332613,1
fatty,318.1066954643628,1
wispy,318.15680345572355,1
radar,318.3503239740821,1
sully,318.38488120950325,1
blurb,318.6449244060475,1
keeps,318.69503239740817,0
murky,318.83930885529156,1
eject,319.1684665226782,1
chill,319.37149028077755,1
glyph,320.07127429805615,1
smash,320.35896328293734,1
comma,320.4410367170626,1
keyed,320.45140388768897,0
roomy,320.75377969762417,1
desks,320.8306695464363,0
songs,321.2781857451404,0
picks,321.3723542116631,0
shams,321.47343412527,0
rajah,321.54082073434125,1
finch,321.6626349892008,1
gayly,321.78790496760257,1
rugby,321.8025917926566,1
filmy,321.86393088552916,1
squaw,321.92958963282933,0
outdo,322.03585313174943,1
downy,323.0457883369331,1
apply,323.7464362850972,1
gasps,323.8708423326134,0
quoth,324.005615550756,1
melee,324.02980561555074,1
slush,324.0937365010799,1
moons,324.16025917926567,0
discs,324.629373650108,0
taffy,325.95637149028073,1
looks,326.0928725701944,0
added,327.71533477321816,0
hurry,327.73693304535635,1
judge,327.79395248380126,1
winch,327.8673866090713,1
hilly,328.0781857451404,1
geese,328.09978401727864,1
fever,328.1732181425486,1
butch,328.38142548596113,1
spins,328.56457883369325,0
snobs,328.73131749460043,0
awash,329.1710583153348,1
whirr,329.3386609071274,0
theft,329.4993520518359,1
abyss,329.69892008639306,1
silks,330.2855291576674,0
caddy,330.30885529157666,1
twist,330.7010799136069,1
crook,331.3818574514039,1
penne,331.8423326133909,1
dying,331.9356371490281,1
lucky,332.0721382289417,1
toddy,332.2233261339093,1
bevel,332.4669546436285,1
boons,332.6742980561555,0
dingy,332.81511879049674,1
pupil,333.1269978401728,1
whims,333.13390928725704,0
spunk,333.38790496760265,1
chink,333.4984881209503,0
going,333.5442764578834,1
pushy,333.6107991360691,1
teeth,333.6539956803456,1
chili,334.0194384449244,1
knoll,334.0323974082074,1
pinky,334.09719222462206,1
dolly,334.1282937365011,1
wryly,334.91101511879054,1
usurp,335.1218142548596,1
scoop,335.2237580993521,1
whips,335.54514038876886,0
dwell,335.5572354211663,1
knows,335.770626349892,0
flung,335.919222462203,1
mushy,336.16803455723544,1
cheek,336.25788336933044,1
winks,336.377969762419,0
seeds,336.7624190064795,0
ditty,336.9671706263499,1
uncut,337.36371490280777,1
crick,337.43110151187904,1
swung,337.6686825053996,1
wills,337.6755939524838,0
worry,337.68941684665225,1
bulks,337.7498920086393,0
bushy,337.8285097192225,1
bough,337.92354211663064,1
signs,338.0531317494601,0
lumpy,338.4004319654428,1
munch,338.5481641468682,1
hulls,338.6561555075594,0
sways,338.7641468682505,0
kills,338.91706263498924,0
wacky,338.94816414686824,1
nutty,339.0630669546436,1
comic,339.17796976241897,1
sings,339.2142548596113,0
skimp,339.3049676025918,1
thump,339.3749460043196,1
freer,339.5053995680346,1
abaft,340.2259179265659,0
loopy,340.49200863930884,1
sacks,340.867818574514,0
flick,340.9870410367171,1
bawdy,341.00518358531315,1
crock,341.1658747300216,1
gauzy,341.40691144708427,0
lemme,341.59611231101513,0
spasm,341.6488120950324,1
soups,341.8794816414687,0
bunch,341.96069114470845,1
fills,342.0280777537797,0
groom,342.14557235421165,1
vouch,342.1827213822894,1
sunny,343.2730021598272,1
mafia,343.9917926565875,1
shyly,344.36933045356375,1
lymph,344.807343412527,1
proof,344.9092872570194,1
brood,345.28509719222467,1
casks,345.8328293736501,0
juicy,346.0989200863931,1
flunk,346.4021598272138,1
pluck,346.6889848812095,1
belle,346.7529157667387,1
chums,347.09071274298054,0
gongs,347.11490280777537,0
oozed,347.17192224622033,0
photo,347.19092872570195,1
cacao,347.40604751619867,1
hoods,347.7645788336933,0
clack,347.99352051835854,1
golly,348.09028077753777,1
geeky,348.17753779697625,1
dived,348.19827213822896,0
outgo,348.2863930885529,1
savvy,348.8349892008639,1
refer,348.93606911447085,1
comfy,349.0129589632829,1
fanny,349.10799136069113,1
hewed,349.2419006479481,0
soggy,349.7645788336933,1
expel,349.8069114470842,1
condo,349.9952483801296,1
ducks,351.4069114470842,0
studs,351.4665226781857,0
windy,351.90539956803457,1
slugs,351.94427645788335,0
jacks,352.9619870410367,0
booty,353.2358531317495,1
pixie,353.3274298056155,1
quell,353.8215982721382,1
khaki,354.0151187904968,1
dozed,354.7693304535637,0
mambo,355.2626349892009,1
bezel,355.29373650107993,1
dumps,355.6254859611231,0
fists,355.9183585313175,0
dilly,355.9520518358531,1
duchy,356.01771058315336,1
memes,356.0704103671706,0
wicks,356.1887688984881,0
jetty,356.2466522678186,1
weeks,356.46263498920086,0
polyp,356.63974082073435,1
swash,356.70971922246224,1
rigid,356.79179265658746,1
cynic,356.9317494600432,1
slums,357.38099352051836,0
dusky,357.86393088552916,1
deeds,358.10496760259184,0
hitch,358.6198704103672,1
sushi,358.6630669546436,1
stiff,358.7166306695464,1
seems,359.12699784017275,0
hippo,359.1442764578834,1
inbox,359.5226781857452,1
booze,359.8630669546436,1
visit,359.8976241900648,1
picky,360.13520518358536,1
manga,360.1879049676026,1
weedy,360.4401727861771,1
broom,360.4859611231101,1
bunks,360.51101511879045,0
bitty,360.54298056155505,1
swoon,360.68293736501084,1
thumb,361.2462203023758,1
squib,361.7870410367171,1
missy,362.30626349892003,1
quips,363.24794816414686,0
pulls,363.2695464362851,0
bossy,363.4630669546436,1
plumb,363.5952483801296,1
mossy,364.37365010799135,1
whisk,364.3805615550756,1
fjord,364.5429805615551,1
tweet,365.3403887688985,1
solos,365.41900647948165,0
beefy,366.44017278617713,1
gulls,366.60691144708426,0
wasps,366.6155507559395,0
cabby,366.64146868250543,1
hunky,366.6872570194384,1
oddly,367.35075593952484,1
husky,368.14557235421165,1
shuns,368.48509719222466,0
fungi,368.7053995680345,1
happy,369.0777537796976,1
embed,369.2099352051836,1
snows,369.22894168466524,0
jelly,370.1403887688985,1
tight,370.3382289416847,1
dunno,370.58444924406047,0
timid,370.8177105831533,1
conch,370.8773218142549,1
nymph,371.2591792656587,1
ceded,371.39740820734346,0
gawky,371.8095032397408,1
idyll,372.0263498920086,1
goods,372.05226781857453,0
booth,372.2406047516199,1
juror,372.70626349892007,1
sniff,372.8902807775378,1
digit,373.48898488120955,1
tatty,374.32526997840176,1
mewed,374.3978401727861,0
sinks,374.65010799136076,0
myrrh,374.8755939524838,1
ruffs,375.04838012958965,0
paddy,375.27732181425483,1
dooms,375.57278617710585,0
skins,375.59006479481644,0
nooks,375.6004319654428,0
lipid,375.89676025917925,1
hoops,375.961555075594,0
whack,376.1956803455723,1
jewel,376.60518358531317,1
howdy,376.63369330453565,1
sills,377.5157667386609,0
moods,377.6082073434125,0
kitty,377.74730021598276,1
humps,377.88466522678186,0
shops,378.2380129589633,0
fugue,378.4643628509719,1
idiom,378.4738660907127,1
knack,378.7097192224622,1
pigmy,378.80388768898484,0
scoff,380.03326133909286,1
thigh,380.0626349892009,1
peeps,380.5524838012959,0
clock,380.63196544276457,1
finis,380.7200863930885,0
wedge,380.733909287257,1
verve,380.85831533477324,1
gusts,381.1503239740821,0
forgo,381.53650107991365,1
billy,381.88466522678186,1
wooly,381.89848812095033,1
unzip,382.24751619870415,1
blood,382.3157667386609,1
quack,382.42116630669545,1
vying,382.79438444924403,1
reeve,383.12008639308857,0
gloom,383.57278617710585,1
lupus,383.6012958963283,1
shuck,383.8362850971922,1
brook,384.1922246220302,1
ruddy,384.3287257019438,1
ended,384.81857451403886,0
witty,385.2470842332613,1
masks,386.1766738660907,0
sighs,386.19827213822896,0
bulls,386.27343412526994,0
chunk,387.5701943844493,1
cinch,388.05917926565877,1
shuts,388.16025917926567,0
folly,388.2907127429806,1
lobby,388.34254859611235,1
skull,389.00086393088554,1
lowly,390.4012958963283,1
cocoa,390.86263498920084,1
assay,391.12267818574514,1
ships,391.563282937365,0
emcee,391.6522678185745,1
ninja,392.1369330453564,1
butts,392.3097192224622,0
socks,393.1978401727862,0
flood,393.3352051835853,1
musky,393.9434125269978,1
furry,394.08596112311017,1
allay,395.5900647948164,1
bulky,395.6082073434126,1
couch,395.9053995680345,1
cooks,396.3477321814255,0
click,396.63369330453565,1
sagas,397.48812095032395,0
bumps,397.93390928725705,0
busts,398.5075593952484,0
sassy,398.76328293736503,1
cliff,400.0686825053995,1
bonny,400.75982721382286,0
foods,401.0984881209503,0
undid,401.94859611231107,1
willy,402.4669546436285,1
seeks,403.7637149028078,0
bulbs,403.9624190064794,0
spoof,405.4639308855291,1
plaza,406.2414686825054,1
civil,406.65529157667385,1
putty,406.96457883369334,1
shook,406.9697624190065,1
sulks,407.2488120950324,0
wimpy,407.4371490280777,1
bucks,407.91144708423326,0
bloom,409.04060475161987,1
skulk,409.0717062634989,1
macaw,409.3352051835853,1
guava,409.44406047516196,1
level,409.62203023758104,1
levee,410.5714902807776,0
papal,410.8695464362851,1
gumbo,411.06220302375806,1
cocks,411.8725701943844,0
fifty,413.5157667386609,1
hoofs,413.5226781857451,0
chump,414.89892008639305,1
filly,415.66609071274297,1
dully,416.97408207343415,1
icing,418.0911447084233,1
onion,418.3062634989201,1
bosom,419.4751619870411,1
vexes,420.73477321814255,0
papas,421.12008639308857,0
chaff,421.77926565874725,1
hooks,422.0583153347732,0
pooch,422.18185745140386,1
pudgy,422.81598272138234,1
tufts,423.7144708423326,0
spook,424.45917926565875,1
disks,424.5058315334773,0
booms,424.56198704103673,0
hussy,425.5736501079914,1
maxim,425.8233261339093,1
amass,426.2449244060475,1
swish,426.38488120950325,1
ovoid,427.14427645788334,1
nanny,427.8552915766739,1
tusks,427.9736501079914,0
woods,428.2380129589633,0
cubic,428.41511879049676,1
quill,428.80129589632827,1
widow,430.26738660907125,1
swoop,431.6980561555076,1
appal,432.7226781857451,0
dumpy,433.7619870410367,1
snuff,434.1282937365011,1
llama,434.1568034557235,1
baggy,434.86781857451405,1
check,435.8138228941685,1
kicks,436.2760259179266,0
hutch,437.01036717062635,1
stuff,437.36371490280777,1
fifth,437.64535637149027,1
swims,438.52656587472995,0
sexes,438.7952483801296,0
funky,438.9023758099352,1
pulpy,439.36803455723543,1
bombs,440.55593952483804,0
gully,442.98876889848816,1
shows,443.0397408207343,0
skims,443.71792656587473,0
poppa,444.15853131749464,0
aback,444.3831533477322,1
manna,449.7775377969762,0
pussy,450.25701943844496,0
hunch,450.9352051835853,1
skunk,451.2488120950324,1
finny,453.15809935205186,0
skips,453.29200863930885,0
hippy,453.5753779697624,1
knock,453.89157667386604,1
pizza,453.9200863930885,1
mucky,456.04449244060476,1
jolly,456.4963282937365,1
livid,457.8414686825054,1
wisps,458.36760259179266,0
quick,460.2112311015119,1
books,460.36760259179266,0
junks,462.2017278617711,0
goody,462.2509719222462,1
bully,463.59438444924405,1
gruff,465.8198704103672,1
tooth,465.9892008639309,1
kinky,467.1935205183585,1
plump,467.82591792656586,1
moody,468.05053995680345,1
mucus,468.1550755939525,1
bongo,468.6622030237581,1
slyly,471.38099352051836,1
hobby,473.94946004319655,1
cluck,474.8436285097192,1
dodgy,479.6747300215983,1
edged,480.0488120950324,0
sissy,480.5784017278618,1
egged,481.06738660907126,0
lulls,482.16544276457887,0
momma,482.6241900647948,0
fussy,484.8876889848812,1
vigil,485.8406047516198,1
fully,487.70842332613387,1
femme,489.8414686825054,1
bunny,490.482505399568,1
cuffs,493.0552915766739,0
motto,493.4181425485961,1
piggy,494.1697624190065,1
ebbed,497.05701943844497,0
gypsy,497.7343412526998,1
buxom,500.24838012958963,1
queue,501.7775377969763,1
humus,503.5719222462203,1
sucks,504.67343412527,0
skiff,506.8539956803456,1
affix,508.4488120950324,1
giddy,510.5524838012959,1
funny,512.7209503239741,1
goofy,513.7447084233261,1
boggy,513.7671706263499,0
biddy,514.89373650108,1
woody,515.8872570194384,1
which,520.8790496760259,1
jumps,520.957667386609,0
daddy,522.0125269978402,1
chock,526.0341252699784,1
jumbo,527.6168466522678,1
madam,528.2319654427646,1
whoop,529.5425485961123,1
pumps,529.9105831533477,0
vexed,530.6596112311015,0
mumps,530.7745140388769,0
chick,533.3101511879049,1
quaff,533.9857451403888,0
dowdy,535.7170626349891,1
foggy,535.9373650107991,1
husks,543.7317494600431,0
ninny,544.4609071274298,1
puffs,554.0591792656587,0
known,557.1961123110151,1
twixt,557.5995680345573,1
kayak,564.7537796976242,1
mammy,566.9092872570194,1
bluff,576.2630669546437,1
gamma,585.7136069114472,1
magma,587.2686825053996,1
guppy,591.9382289416847,1
muddy,594.3373650107991,1
dummy,594.8116630669547,1
jumpy,599.3714902807775,1
humph,599.9442764578835,1
minim,603.7032397408208,1
kappa,608.3494600431966,1
buddy,611.4069114470842,1
shush,627.8647948164146,1
poppy,628.3209503239741,1
whiff,631.7809935205185,1
puffy,633.3611231101511,1
gummy,634.6302375809935,1
boozy,636.1282937365011,1
dizzy,641.8544276457883,1
buggy,643.1434125269977,1
chuck,647.4829373650108,1
mimic,647.5615550755939,1
booby,653.8,1
pygmy,677.0345572354212,1
woozy,681.5079913606912,1
bobby,683.016414686825,1
jazzy,701.8172786177106,1
fluff,723.3896328293736,1
fizzy,728.0306695464362,1
civic,733.952051835853,1
jiffy,734.6656587473002,1
puppy,777.8051835853132,1
mamma,778.2846652267818,1
vivid,815.381857451404,1
mummy,820.5377969762419,1
fuzzy,855.680777537797,1
