"GUESS_WORD","ESTIMATED_WORDS_REMAINING"
"tares",74.1673746813934
"rates",76.2109883885585
"tales",78.7417162276975
"saner",79.90455961484
"reals",80.3605210988389
"aloes",80.3741149815916
"tears",83.9595015576324
"roles",84.7774001699235
"lanes",84.9688473520249
"raise",85.602095723591
"earls",85.9549702633815
"cares",86.5995468705749
"stare",87.2242990654206
"tries",87.3500424808836
"slate",87.8988954970263
"tires",88.4981591617106
"dares",88.5615972812235
"races",89.4525630133107
"nears",89.5454545454545
"snare",90.3276692155197
"rites",91.90455961484
"stale",92.2472387425658
"earns",93.0407816482583
"hares",93.3035967148117
"acres",93.7063154913622
"aeons",94.4613423959218
"arise",94.6323987538941
"dales",94.8068535825545
"leans",95.0464457660719
"dates",95.1948456527896
"antes",95.5907674879637
"dears",95.9164542622487
"mares",96.517417162277
"arose",96.5700934579439
"sated",96.6488246955537
"tiles",97.2758425375248
"siren",97.4695553667516
"rails",97.5698102520532
"laces",97.5788728405551
"reads",97.8643443783631
"lairs",98.2551685075049
"aides",99.8422543188898
"rages",100.291985273294
"cries",100.503256867743
"canes",101.249221183801
"liars",101.555083545738
"deals",101.586802605494
"store",102.10790144435
"loser",102.469272160861
"tones",103.113282356273
"least",103.189181534976
"saute",103.218068535826
"cores",103.533559898046
"scare",103.577740016992
"pales",103.834324553951
"aisle",103.840555083546
"lures",103.966298499009
"aster",104.339563862928
"leads",104.45227980742
"later",104.942792410082
"tiers",105.092325120363
"tapes",105.156329651657
"rules",105.219201359388
"fares",105.356273010479
"reins",105.718210138771
"rents",105.81733220051
"pates",105.998017558765
"males",106.080713678845
"dries",106.425092041914
"stole",107.04134806004
"pears",107.100254885302
"snore",107.466156896063
"gales",107.489946190881
"hears",107.574341546304
"lames",107.711979609176
"notes",107.841687907108
"solar",107.885301614274
"wares",107.902293967715
"lines",107.977060322855
"reaps",108.143585386576
"rakes",108.179835740583
"alter",108.444350042481
"rains",108.503823279524
"mates",108.546870574908
"gates",108.559331634098
"share",109.032285471538
"safer",109.227131124327
"deans",109.230529595016
"panes",109.44406683659
"reams",109.475785896347
"sabre",109.649674313226
"tails",109.936278674596
"spare",110.051826677995
"years",110.087510620221
"gears",110.597847635231
"irate",110.915038232795
"bales",111.254318889833
"pries",111.333616539224
"scale",111.428207306712
"hires",111.52676295667
"rides",112.147550269046
"stile",112.300481450014
"manes",112.703766638346
"steal",112.763806287171
"stair",113.185783064288
"raids",113.248088360238
"pores",113.31549136222
"cotes",113.520532427074
"bears",113.576040781648
"dotes",113.850184083829
"heals",114.745114698386
"darts",115.071367884452
"peals",115.45652789578
"roads",115.517700368168
"runes",115.607193429623
"mores",115.771452846219
"osier",116.00821297083
"parse",116.07448314925
"ropes",116.268762390258
"takes",116.281789861229
"names",116.413197394506
"shale",116.475502690456
"loans",116.566128575474
"rimes",117.469555366752
"caste",117.693854432172
"meals",117.710846785613
"cites",117.748229963183
"fates",117.966298499009
"risen",118.035400736335
"leaps",118.227414330218
"holes",118.426791277259
"roast",118.44831492495
"sonar",118.679977343529
"doers",118.751911639762
"raves",119.293967714528
"tides",119.336448598131
"shear",119.54772019258
"lakes",119.600962900028
"fears",119.604361370717
"teams",119.847352024922
"meats",120.305012744265
"poles",120.314641744548
"score",120.570659869725
"sable",120.587652223166
"riots",120.926932880204
"ideas",121.288870008496
"stone",121.29056924384
"stead",121.311526479751
"cones",121.313792126876
"lutes",121.376097422826
"wears",121.376097422826
"snarl",121.466156896063
"alert",121.475219484565
"sedan",121.509770603229
"toads",121.858680260549
"bores",122.324837156613
"spear",122.598414047012
"loads",122.604644576607
"baser",122.621636930048
"moles",122.678278108185
"rinse",122.743981874823
"smear",122.824412347777
"learn",123.160860945908
"heirs",123.180118946474
"rares",123.245256301331
"nails",123.331350892099
"capes",123.491645426225
"altos",123.608326253186
"stern",123.6474086661
"cages",123.794109317474
"aegis",123.811668082696
"sauce",123.949872557349
"heats",124.394505805721
"paces",124.454545454545
"robes",124.6930048145
"carts",125.471821013877
"slide",125.536391956953
"means",125.541489662985
"sales",125.564712546021
"salon",125.616822429907
"tomes",125.662135372416
"loges",125.769187199094
"paste",125.932313792127
"dames",125.936278674596
"plies",126.227414330218
"hairs",126.301614273577
"heros",126.359388275276
"liens",126.665817048995
"oaten",126.801189464741
"pairs",126.8753894081
"shire",126.953554233928
"motes",127.004531294251
"stage",127.019258000566
"wanes",127.060039648825
"rends",127.154064004531
"sober",127.162560181252
"maces",127.195978476352
"cures",127.196544888134
"islet",127.318889832909
"shore",127.397621070518
"slant",127.438969130558
"fires",127.542056074766
"miles",127.553950722175
"toils",127.836023789295
"vales",127.85471537808
"piles",128.166241857831
"cater",128.313508920986
"wires",128.313508920986
"spore",128.395072217502
"spire",128.423959218352
"coals",128.537241574625
"rated",128.75927499292
"terms",129.018691588785
"oases",129.043047295384
"lapse",129.235627301048
"limes",129.399320305862
"boles",129.478051543472
"slice",129.491645426225
"tunes",129.516567544605
"trade",129.632115548003
"sepia",129.725007080147
"saint",129.749929198527
"alien",129.990654205607
"renal",130.062588501841
"leant",130.399603511753
"paler",130.419994335882
"skate",130.491362220334
"noise",130.529878221467
"beans",130.550835457378
"times",130.585952987822
"resin",130.777966581705
"lobes",130.993203058624
"aired",131.217502124044
"coats",131.631549136222
"haste",131.740300198244
"mites",131.843387142453
"suite",131.898329085245
"feats",131.902860379496
"onset",131.918153497593
"heads",132.015009912206
"crate",132.226281506655
"piers",132.604644576607
"codes",132.621636930048
"skier",132.666383460776
"sires",132.745681110167
"dents",133.192580005664
"diets",133.198244123478
"spiel",133.26564712546
"slake",133.655338431039
"taper",133.985556499575
"shade",134.010478617955
"lends",134.116397621071
"rouse",134.148116680827
"leash",134.266496743132
"cased",134.331067686208
"dines",134.428490512603
"roams",134.482866043614
"poser",134.515151515152
"tends",134.567261399037
"alone",134.752478051543
"pleas",134.811384876805
"leaks",134.942792410082
"sores",134.985839705466
"trace",135.007929764939
"slain",135.231662418578
"vanes",135.348343245539
"aside",135.783347493628
"stake",135.866043613707
"baste",135.897762673464
"bites",136.056924384027
"faces",136.225148683093
"dealt",136.362220334183
"fades",136.375247805154
"spade",136.396771452846
"satin",136.517417162277
"floes",136.673180402152
"alder",136.699235344095
"parts",136.933163409799
"pages",137.287737184933
"swear",137.418011894647
"layer",137.517700368168
"sower",137.703483432455
"rears",137.768620787312
"manse",137.806570376664
"yeast",137.814500141603
"slope",137.834890965732
"prate",137.855281789861
"gapes",137.936845086378
"aider",137.965732087227
"snail",138.000283205891
"cents",138.006513735486
"react",138.090342679128
"irons",138.109034267913
"clues",138.295950155763
"salve",138.58085528179
"hater",138.858397054659
"taxes",138.975644293401
"aches",138.985839705466
"dices",139.189181534976
"trays",139.266779949023
"liner",139.296233361654
"marts",139.320589068253
"tamer",139.3404134806
"lords",139.462758425375
"naves",139.554517133956
"pelts",139.613423959218
"hails",139.946474086661
"atone",140.237043330501
"slime",140.281789861229
"trams",140.495327102804
"lands",140.495893514585
"seals",140.524780515435
"pines",140.563296516568
"traps",140.65562163693
"satyr",140.770603228547
"cards",140.859529878221
"waste",140.989804587935
"cause",141.082696120079
"miser",141.105352591334
"melts",141.107051826678
"games",141.233361653922
"boars",141.264514301897
"beads",141.305295950156
"roses",141.437269895214
"rises",141.437269895214
"staid",141.442934013027
"bones",141.593599546871
"avers",141.748796374965
"smote",141.762956669499
"crane",141.80487114132
"beast",141.812800906259
"trees",141.978193146417
"prose",142.395638629283
"scone",142.504389691306
"smile",142.556499575191
"shred",142.597281223449
"fairs",142.634097989238
"mines",142.648258283772
"harts",142.652789578023
"adore",142.796091758709
"slave",142.97111299915
"arson",143.07476635514
"strew",143.076465590484
"serif",143.161427357689
"space",143.168790710847
"wiles",143.1823845936
"false",143.769187199094
"areas",143.782214670065
"cakes",143.783913905409
"peons",143.927216086095
"pails",143.957802322288
"soles",144.133956386293
"likes",144.203625035401
"flies",144.214953271028
"trail",144.273293684509
"smite",144.293684508638
"poise",144.320872274143
"lager",144.46077598414
"sawed",144.507788161994
"since",144.645426224865
"kites",144.686774284905
"tease",144.770036816766
"stain",144.779099405268
"style",144.867459643161
"goals",144.920135938828
"horse",145.041914471821
"spite",145.18691588785
"mails",145.193712829227
"louse",145.259416595865
"ailed",145.287170773152
"lease",145.359671481167
"seats",145.47295383744
"baler",145.51883319173
"crest",145.587935429057
"close",145.666666666667
"steam",145.70971396205
"files",145.727839139054
"stein",145.782781081847
"pearl",145.90455961484
"stave",146.184367034834
"snort",146.226847918437
"poets",146.400736335316
"goats",146.423959218352
"urges",146.453979042764
"erase",146.649391107335
"yarns",146.80515434721
"super",146.875955819881
"snake",146.882752761257
"brats",146.89634664401
"pause",147.007929764939
"easel",147.011328235627
"moats",147.052676295667
"loins",147.097989238176
"swore",147.198244123478
"axles",147.206740300198
"taker",147.224865477202
"ferns",148.027470971396
"snide",148.069951854999
"lions",148.182101387709
"large",148.380911922968
"comes",148.436420277542
"tenor",148.529311809686
"nurse",148.556499575191
"plate",148.685641461342
"tread",148.726423109601
"realm",148.789294817332
"caves",149.040215236477
"reels",149.140470121779
"herds",149.387992070235
"belts",149.437269895214
"panel",149.461059190031
"astir",149.46898895497
"laden",149.769753610875
"barns",149.845652789578
"ramen",149.866610025489
"feast",149.984423676012
"smart",150.073350325687
"loses",150.089776267346
"clans",150.356556216369
"loves",150.365618804871
"aspen",150.540640045313
"grate",150.545737751345
"cared",150.596148399887
"cases",150.833474936279
"teary",150.868592466723
"stand",151.188615123195
"baits",151.228830359671
"shone",151.276975361088
"coils",151.355140186916
"delta",151.372132540357
"fleas",151.600962900028
"votes",151.68479184367
"domes",151.747097139621
"hides",151.791843670348
"ashen",151.812234494477
"sleet",152.073350325687
"larks",152.131124327386
"trial",152.154913622203
"modes",152.171339563863
"boats",152.320872274143
"inter",152.405834041348
"shied",152.552534692722
"cadet",152.62220334183
"tired",152.896913055792
"heaps",152.935429056924
"glare",153.00849617672
"gorse",153.010761823846
"heart",153.169357122628
"tried",153.218634947607
"canoe",153.46898895497
"clear",153.506938544322
"opals",153.519399603512
"frets",153.562446898896
"coast",153.604927782498
"dunes",153.748229963183
"makes",153.794109317474
"sweat",153.851316907392
"nosed",153.952704616256
"warts",154.098272444067
"slept",154.476635514019
"saith",154.70546587369
"shape",154.882752761257
"riled",154.943925233645
"autos",154.955819881054
"smelt",155.065137354857
"shame",155.147833474936
"penis",155.172755593316
"spelt",155.188615123195
"saved",155.505805720759
"leapt",155.5562163693
"lance",155.600396488247
"blare",155.692721608609
"steer",155.828094024356
"drams",155.923817615406
"water",155.951005380912
"raced",156.129991503823
"wages",156.169073916737
"wiser",156.251203625035
"solid",156.280657037666
"duels",156.290852449731
"halts",156.570093457944
"stray",156.61823845936
"mules",156.670914755027
"dimes",156.746247521948
"abler",156.869725290286
"rafts",156.913905409233
"state",156.916737468139
"lathe",157.143302180685
"salty",157.252619654489
"moans",157.263381478335
"inlet",157.544321721892
"pains",157.655338431039
"plier",157.708014726706
"based",157.724440668366
"shine",157.731804021524
"ratio",157.773152081563
"torus",157.77598414047
"drays",157.897196261682
"tours",157.899461908808
"spied",157.987255734919
"routs",158.03313508921
"cadre",158.235910506939
"route",158.27782497876
"strap",158.474936278675
"pared",158.553101104503
"unset",158.678844519966
"stoke",158.692438402719
"soars",158.738317757009
"bodes",158.878787878788
"lives",158.909940526763
"fines",159.447465307278
"spine",159.624752194846
"older",159.718776550552
"oaths",159.90059473237
"trice",159.927216086095
"relay",159.936278674596
"laths",160.180402152365
"sites",160.231379212688
"seamy",160.250637213254
"sneer",160.345227980742
"shard",160.350325686774
"table",160.372982158029
"hopes",160.42339280657
"gents",160.44831492495
"colts",160.554233928066
"mains",160.563296516568
"scent",160.734919286321
"serum",161.023789294817
"corns",161.065703766638
"snipe",161.104786179553
"plans",161.137638062872
"wails",161.206740300198
"pants",161.288303596715
"yards",161.297932596998
"plane",161.317757009346
"drags",161.408382894364
"suave",161.549419427924
"dregs",161.555649957519
"bides",161.620220900595
"waits",161.682526196545
"shoal",161.870008496177
"steak",161.890399320306
"outer",162.267629566695
"wines",162.337298215803
"tiled",162.534409515718
"duets",162.768337581422
"warns",162.792126876239
"beams",162.933163409799
"idols",162.98357405834
"scant",163.07476635514
"flare",163.259416595865
"bards",163.333050127443
"worse",163.41064854149
"rests",163.420277541773
"pesto",163.450297366185
"fails",163.463891248938
"caper",163.516567544605
"train",163.632681959785
"those",163.642310960068
"asset",163.685924667233
"savor",163.720475785896
"homes",163.773718493345
"blues",163.874539790428
"shalt",164.001982441235
"mutes",164.132257150949
"ports",164.141886151232
"steel",164.165675446049
"maids",164.536675162843
"jeans",164.578589634664
"solve",164.760974228264
"yearn",164.948456527896
"early",164.951854998584
"aunts",164.957519116398
"surge",165.143868592467
"padre",165.302463891249
"screw",165.321155480034
"girls",165.496176720476
"earth",165.518266779949
"scald",166.058623619371
"laced",166.075615972812
"reset",166.349192863212
"trope",166.496459926366
"drape",166.528745397904
"rosin",166.556499575191
"nosey",166.623902577174
"talon",166.644293401303
"heist",166.735485698103
"haled",166.749079580855
"terse",166.768337581422
"miens",166.885018408383
"goads",166.916737468139
"ranks",167.016992353441
"curse",167.110450297366
"relic",167.144435004248
"acids",167.36930048145
"sages",167.42310960068
"glens",167.559048428207
"sinew",167.730671197961
"anode",167.745964316058
"tress",167.76352308128
"veils",167.787878787879
"atoms",167.885301614274
"tubes",167.890399320306
"idler",167.89606343812
"scree",167.987255734919
"taste",168.100538091192
"tilde",168.440385160011
"trips",168.53101104503
"rebus",168.746247521948
"peril",168.771169640329
"isles",168.842537524781
"range",168.861795525347
"timer",168.941093174738
"drone",169.010195412065
"crags",169.04134806004
"items",169.173322005098
"chase",169.420277541773
"tripe",169.525630133107
"paled",169.642877371849
"after",169.794109317474
"roars",169.796374964599
"trash",169.80487114132
"oiled",169.82582837723
"cleat",169.849617672048
"splat",169.860945907675
"eater",169.926083262532
"afire",169.93344661569
"noses",169.949872557349
"talks",169.977060322855
"scope",170.400736335316
"ruins",170.5683942226
"wakes",170.581421693571
"petal",170.59331634098
"hotel",170.594449164543
"peaks",170.644293401303
"opens",170.677711696403
"emits",170.738317757009
"spice",170.767204757859
"crone",170.80515434721
"debts",170.848201642594
"regal",170.914471821014
"dikes",170.949022939677
"spent",171.148966298499
"gains",171.272444066837
"cease",171.321155480034
"enrol",171.367034834325
"turns",171.402152364769
"posed",171.403285188332
"heard",171.404418011895
"types",171.417445482866
"inert",171.432172189182
"phase",171.565845369584
"gases",171.773152081563
"shake",171.975361087511
"motel",172.073916737468
"great",172.133389974511
"germs",172.199660152931
"lotus",172.277258566978
"sails",172.342962333617
"sneak",172.83404134806
"hated",172.854998583971
"nicer",172.995468705749
"artsy",173.15349759275
"sport",173.278674596432
"toned",173.325120362504
"harem",173.364202775418
"cords",173.533559898046
"meant",173.580005664118
"stark",173.599830076466
"stove",173.599830076466
"amuse",173.692721608609
"omens",173.726706315491
"singe",173.760124610592
"flues",173.820730671198
"crape",173.962333616539
"valet",174.032568677428
"taken",174.069951854999
"carol",174.152081563297
"tamed",174.177003681677
"anger",174.247238742566
"vines",174.306711979609
"acted",174.393372982158
"cedar",174.40243557066
"cruel",174.412630982724
"spake",174.419427924101
"ruses",174.529311809686
"hauls",174.785329934863
"crabs",174.865193996035
"herbs",175.156329651657
"bases",175.573208722741
"triad",175.887567261399
"merit",175.978193146417
"payer",175.999150382328
"boast",176.010478617955
"coves",176.126026621354
"purse",176.169640328519
"sowed",176.230812800906
"coins",176.371849334466
"wards",176.723024638913
"horns",176.770036816766
"prone",176.804587935429
"tiger",176.894647408666
"zones",177.050410648541
"throe",177.322854715378
"straw",177.374964599264
"flats",177.438969130558
"bared",177.582271311243
"pleat",177.714811668083
"pokes",177.736901727556
"wrest",177.766921551968
"raged",177.939110733503
"harps",177.944208439536
"urine",178.188331917304
"riser",178.343528745398
"feral",178.346927216086
"gibes",178.50608892665
"draws",178.517983574058
"vials",178.678844519966
"mated",178.679977343529
"penal",178.718493344662
"tonal",178.851033701501
"trend",178.891248937978
"scorn",178.923534409516
"plots",179.11214953271
"boils",179.135372415746
"harms",179.240158595299
"beaks",179.296233361654
"shrew",179.343811951289
"diner",179.553384310394
"mends",179.584536958369
"opera",179.633814783348
"metal",179.741999433588
"dance",179.951005380912
"crews",180.100538091192
"yokes",180.14528462192
"preys",180.200792976494
"lured",180.456811101671
"elate",180.503823279524
"ashes",180.653355989805
"bergs",180.657887284056
"swine",180.795525346927
"curls",180.83404134806
"abuse",180.938261115831
"ripen",180.97904276409
"gnats",181.209005947324
"eased",181.228830359671
"scary",181.25715094874
"doses",181.272444066837
"short",181.446332483716
"shave",181.632681959785
"other",181.768620787312
"teens",181.770320022656
"cameo",181.790144435004
"blest",181.814500141603
"hands",181.821297082979
"noted",182.034267912773
"adieu",182.056357972246
"armed",182.087510620221
"stoic",182.1702067403
"mazes",182.218918153498
"agile",182.291418861512
"ideal",182.305579156046
"sadly",182.3525913339
"tarts",182.378646275843
"greys",182.390540923251
"cried",182.434154630416
"story",182.449447748513
"liker",182.48966298499
"ready",182.504956103087
"radio",182.581421693571
"camel",182.664117813651
"waist",182.870858113849
"vents",182.932596998018
"oaken",182.963749645993
"alike",183.054941942792
"raked",183.088926649674
"ruled",183.099122061739
"tribe",183.121778532993
"doves",183.146700651374
"meres",183.180118946474
"remit",183.252619654489
"tells",183.426508071368
"colds",183.461625601813
"gazes",183.471821013877
"setup",183.640045312943
"surer",183.715944491645
"ethos",183.718210138771
"sides",183.905126026621
"miner",183.973661852167
"death",183.97932596998
"lamed",184.008779382611
"clods",184.054658736902
"ovals",184.149815916171
"auger",184.169640328519
"spree",184.233644859813
"helps",184.276692155197
"waves",184.306145567828
"stars",184.334466156896
"verso",184.372982158029
"prays",184.391107335033
"usage",184.499291985273
"pease",184.534409515718
"fared",184.561030869442
"drake",184.688473520249
"slang",184.690739167375
"grade",184.840271877655
"shirt",184.857264231096
"vices",184.861795525347
"lower",184.908241291419
"utile",184.988671764373
"dupes",185.037949589351
"raven",185.147267063155
"ulcer",185.20334182951
"olden",185.231662418578
"storm",185.416312659303
"drops",185.602662135372
"pikes",185.741433021807
"lawns",185.86717643727
"helms",185.876805437553
"strip",185.90059473237
"sugar",185.9544038516
"clone",186.05409232512
"usher",186.073350325687
"oasis",186.099971679411
"coral",186.157179269329
"bated",186.25743415463
"tanks",186.383177570093
"veins",186.455111866327
"salvo",186.476069102237
"flier",186.529311809686
"forts",186.573491928632
"haute",186.614839988672
"copse",186.642594165959
"tapir",186.658453695837
"angel",186.695836873407
"salts",186.764372698952
"clean",186.903143585387
"drips",187.019258000566
"scrap",187.108751062022
"dress",187.11214953271
"gayer",187.176154064005
"seams",187.291135655622
"spoil",187.318323421127
"writs",187.31945624469
"wipes",187.450863777967
"forte",187.471821013877
"wants",187.500141602945
"grace",187.618521665251
"calms",187.631549136222
"bends",187.675162843387
"upset",187.703483432455
"scram",187.708014726706
"asked",187.771452846219
"grams",187.967997734353
"eclat",188.242141036534
"tense",188.342962333617
"metro",188.436986689323
"reach",188.595015576324
"filer",188.699801755877
"sloth",188.898045879354
"anime",188.986406117247
"sward",189.281506655338
"cairn",189.437836306995
"jails",189.593033135089
"sheer",189.593033135089
"tower",189.608892664967
"write",189.617955253469
"brace",189.628150665534
"chaos",189.677428490513
"daisy",189.720475785896
"drain",189.845086377797
"gamer",189.872274143302
"inure",189.879071084679
"towel",190.046162560181
"spend",190.049561030869
"stalk",190.23647691872
"cider",190.467572925517
"house",190.602378929482
"basil",190.769470404984
"shorn",190.814216935712
"temps",190.922967997734
"beard",191.122911356556
"farce",191.147833474936
"claps",191.221467006514
"foils",191.24072500708
"menus",191.244123477768
"recap",191.267912772586
"decal",191.362503540074
"reeds",191.513169073917
"slats",191.793542905692
"aimed",191.81336731804
"sperm",191.83828943642
"soapy",191.877371849334
"wrote",192.017275559332
"cress",192.134522798074
"ascot",192.172472387426
"dives",192.226281506655
"polar",192.246105919003
"bolts",192.258566978193
"clams",192.276125743415
"nadir",192.380345511187
"heron",192.467006513735
"blast",192.470404984424
"cubes",192.567261399037
"babes",192.677711696403
"ovate",192.713962050411
"scold",192.724723874257
"facet",192.74681393373
"lined",192.749079580855
"acute",192.881619937695
"shoes",192.986406117247
"blots",193.180685358255
"hired",193.215236476919
"enact",193.532993486265
"yelps",193.532993486265
"omits",193.558482016426
"lasts",193.563013310677
"goner",193.65986972529
"pulse",193.77994902294
"pored",193.795808552818
"ester",193.808836023789
"place",193.997451146984
"poems",194.015576323988
"epics",194.059756442934
"eaten",194.063721325404
"serge",194.305579156046
"grins",194.472670631549
"sheaf",194.491362220334
"skirt",194.559898045879
"email",194.575757575758
"bands",194.682242990654
"mouse",194.740016992353
"fated",194.960351175304
"sonic",195.195412064571
"mason",195.292834890966
"pried",195.324553950722
"evils",195.443500424809
"bleat",195.627584253752
"sharp",195.958935145851
"grape",195.981025205324
"swirl",196.141886151232
"scour",196.217218918153
"reuse",196.277258566978
"their",196.372415746248
"borne",196.471537807986
"racks",196.596148399887
"hilts",196.957519116398
"crops",197.030019824412
"lithe",197.590201076182
"matey",197.617388841688
"corps",197.735202492212
"saves",197.758425375248
"rifts",197.786179552535
"rifle",197.868875672614
"spilt",197.935712262815
"moves",198.163976210705
"maker",198.229679977344
"sandy",198.238176154064
"ultra",198.337298215803
"hurls",198.406400453129
"glade",198.472104219768
"parks",198.508920985557
"cited",198.545171339564
"brags",198.62220334183
"brine",198.637496459926
"farms",198.660719342962
"poses",198.85046728972
"clews",199.006796941376
"alias",199.090059473237
"pious",199.092891532144
"loath",199.256018125177
"scaly",199.258850184084
"marks",199.292268479184
"start",199.314924950439
"grabs",199.357972245823
"soils",199.464457660719
"latte",199.46898895497
"molar",199.546587369017
"birds",199.586236193713
"scion",199.657037666383
"nests",199.663268195978
"waxes",199.727839139054
"eases",199.860945907675
"named",200.00821297083
"eaves",200.024638912489
"mesas",200.047861795525
"angle",200.1367884452
"gruel",200.192296799773
"holds",200.252336448598
"crass",200.255734919286
"girds",200.262531860663
"truce",200.296516567545
"pours",200.429056924384
"dream",200.567827810818
"ocean",200.645426224865
"moist",200.790994052676
"roped",200.894080996885
"warms",200.899178702917
"hives",200.960917587086
"steed",200.980741999434
"largo",200.981874822996
"blade",201.005097706032
"horde",201.057774001699
"souse",201.087793826112
"fetal",201.102520532427
"masse",201.221467006514
"loose",201.245256301331
"lunar",201.29056924384
"spray",201.324553950722
"moral",201.347776833758
"stork",201.385160011328
"navel",201.430472953837
"sorts",201.518266779949
"cribs",201.543188898329
"rainy",201.617388841688
"peers",201.645143018975
"genus",201.694987255735
"avert",201.706881903144
"pedal",201.866610025489
"tidal",201.911356556216
"rings",202.115264797508
"snout",202.145851033701
"fetus",202.193996035118
"scalp",202.205324270745
"grail",202.273293684509
"split",202.298215802889
"clefs",202.332766921552
"ankle",202.63069951855
"maple",202.648258283772
"spoke",202.789294817332
"cream",202.80062305296
"hours",202.840838289436
"laity",202.925800056641
"lover",202.977343528745
"swain",203.039648824696
"chose",203.088926649674
"droit",203.101387708864
"pride",203.283772302464
"scarf",203.320022656471
"decor",203.436703483432
"vases",203.478051543472
"speak",203.596431605777
"tents",203.598130841121
"comer",203.606060606061
"cable",203.907958085528
"spies",203.927216086095
"argue",204.153214386859
"smoke",204.180968564146
"actor",204.181534975927
"ovens",204.386009629
"skein",204.528178986123
"frees",204.53101104503
"sahib",204.611441517984
"sleds",204.666383460776
"price",204.826111583121
"facts",204.874822996318
"leach",204.984140470122
"wraps",205.094024355707
"dukes",205.265080713679
"nasty",205.265080713679
"filet",205.273010478618
"viler",205.412914188615
"adept",205.504106485415
"manor",205.577173605211
"debar",205.609459076749
"guise",205.890399320306
"yours",206.074483149249
"palms",206.137354856981
"alive",206.165675446049
"voter",206.242707448315
"comet",206.270461625602
"naive",206.43585386576
"foams",206.635797224582
"posit",206.66808269612
"grist",206.719626168224
"fuels",206.851600113282
"rivet",206.858397054659
"locus",206.982441234778
"adorn",207.011894647409
"relax",207.054375531011
"toyed",207.079864061172
"hoard",207.384027187766
"royal",207.44406683659
"basin",207.664401019541
"crime",207.748796374965
"finer",207.774284905126
"sleep",207.868309260833
"hoist",207.97082979326
"lasso",208.210988388558
"labor",208.222883035967
"units",208.259699801756
"stank",208.318606627018
"recut",208.503823279524
"unite",208.529311809686
"rolls",208.553101104503
"spike",208.613707165109
"repay",208.708864344378
"plead",208.723591050694
"abled",208.73435287454
"teach",208.954687057491
"sects",208.980175587652
"baker",208.990370999717
"barks",209.032285471538
"token",209.163693004814
"abide",209.215236476919
"liver",209.415179835741
"lamps",209.44406683659
"plait",209.527895780232
"surly",209.570943075616
"crash",209.606060606061
"terra",209.696686491079
"refit",209.73010478618
"sends",209.854148966298
"trove",210.015009912206
"fauns",210.029736618522
"frame",210.050693854432
"chats",210.164542622487
"barge",210.183800623053
"sized",210.23647691872
"bread",210.374114981592
"daubs",210.53101104503
"scars",210.707731520816
"fords",210.836306995186
"abode",210.935429056924
"plays",211.006230529595
"slurp",211.116680826961
"longs",211.222599830076
"marsh",211.371566128575
"dawns",211.378929481733
"plant",211.525630133107
"plied",211.582837723025
"delay",211.668365902011
"users",211.86717643727
"verbs",211.890399320306
"gives",211.897196261682
"bluer",211.912489379779
"agent",211.949872557349
"gored",212.090909090909
"cults",212.153214386859
"wager",212.301047861796
"heels",212.483998867176
"sheet",212.51854998584
"dairy",212.542339280657
"claws",212.625601812518
"auras",212.759841404701
"model",212.773435287454
"carve",212.798923817615
"canto",212.878221467007
"adobe",213.032285471538
"medal",213.080996884735
"dells",213.111583120929
"tuned",213.297932596998
"caged",213.380628717077
"scene",213.574907958086
"amber",213.658170489946
"rayon",213.666100254885
"depot",213.903426791277
"acorn",213.947040498442
"trawl",213.973661852167
"paths",214.006513735486
"raved",214.372415746248
"homer",214.384876805438
"wands",214.503823279524
"tongs",214.527612574342
"volts",214.63466440102
"sided",214.73038799207
"melon",215.045312942509
"tacks",215.101387708864
"piled",215.425375247805
"pints",215.561880487114
"curds",215.76352308128
"sewer",215.824129141886
"scrip",215.915321438686
"stirs",215.957235910507
"rills",215.962900028321
"reign",215.978193146417
"glean",215.991220617389
"untie",216.047861795525
"shove",216.194562446899
"patio",216.332200509771
"credo",216.354290569244
"toast",216.520249221184
"rapid",216.677711696403
"clogs",216.866326819598
"press",216.887284055508
"diary",217.027187765506
"mints",217.043047295384
"cells",217.171622769754
"popes",217.265080713679
"obeys",217.346644010195
"meaty",217.408949306146
"semen",217.4316057774
"bathe",217.457094307562
"sound",217.613423959218
"treat",217.62645143019
"saucy",217.766921551968
"naked",217.975361087511
"voile",218.052393089776
"siege",218.059756442934
"under",218.102237326536
"frail",218.12036250354
"owner",218.12432738601
"crave",218.163976210705
"atlas",218.329934862645
"sands",218.521382044747
"brake",218.58085528179
"prune",218.637496459926
"shark",218.657320872274
"sheen",218.687340696687
"pecan",218.724723874257
"wrist",218.762107051827
"thine",218.913338997451
"feuds",218.941093174738
"flits",219.111583120929
"stony",219.283205890683
"trots",219.521665250637
"flair",219.575474369867
"tardy",219.576040781648
"racer",219.580572075899
"paint",219.632681959785
"weary",219.697819314642
"baths",219.765788728406
"timed",220.179835740583
"bagel",220.196261682243
"tuber",220.270461625602
"swarm",220.322571509487
"steep",220.419427924101
"noble",220.54347210422
"scout",220.580288870009
"frost",220.64712546021
"rehab",220.651090342679
"grant",220.668649107901
"poesy",220.779665817049
"raspy",221.007929764939
"spark",221.074199943359
"brims",221.135938827528
"clasp",221.214670065137
"grasp",221.214670065137
"torts",221.308128009063
"needs",221.675162843387
"lemon",221.679694137638
"serfs",221.85075049561
"lambs",221.886434437836
"bride",221.897196261682
"dirge",221.906825261965
"words",221.944208439536
"bored",221.944774851317
"media",222.022373265364
"necks",222.076748796375
"opine",222.082412914189
"abort",222.108467856131
"lemur",222.131690739167
"mealy",222.194562446899
"lifts",222.251203625035
"cured",222.322005097706
"stall",222.363919569527
"waned",222.392240158595
"ample",222.521948456528
"mixes",222.584820164259
"elite",222.638629283489
"pangs",222.679977343529
"baron",222.746247521948
"decks",222.84650240725
"worst",222.930331350892
"brain",223.057207589918
"gloat",223.058340413481
"pesos",223.082129708298
"cutie",223.118380062305
"arena",223.287170773152
"crept",223.382894364203
"chore",223.399320305862
"exits",223.445199660153
"grips",223.508637779666
"infer",223.530727839139
"dross",223.589634664401
"spurt",223.608326253186
"sworn",223.77994902294
"boxes",223.97932596998
"ponds",224.15774568111
"dared",224.233644859813
"lacks",224.358255451713
"prime",224.406400453129
"skies",224.417728688757
"intro",224.494760691022
"value",224.557632398754
"first",224.68054375531
"teems",224.692438402719
"parer",224.693571226282
"meets",224.744548286604
"apron",225.010761823846
"angst",225.096290002832
"roots",225.128009062588
"brash",225.221467006514
"basic",225.594165958652
"fours",225.769753610875
"askew",225.984990087794
"gilds",226.03313508921
"trite",226.05409232512
"crows",226.135089209856
"tepid",226.474936278675
"grass",226.61823845936
"foist",226.621636930048
"wafer",226.669781931464
"pipes",226.679410931747
"piano",226.72189181535
"reeks",226.733786462758
"damps",226.807986406117
"hurts",226.823279524214
"noose",226.827810818465
"lurks",226.849334466157
"clips",226.988671764373
"salad",227.019824412348
"acrid",227.064004531294
"rouge",227.188615123195
"reefs",227.193146417445
"valor",227.291135655622
"shelf",227.350608892665
"hints",227.442934013027
"robed",227.446332483716
"noisy",227.458793542906
"hangs",227.478617955253
"flees",227.513169073917
"mimes",227.531860662702
"blame",227.566411781365
"cower",227.595865193996
"razed",227.596998017559
"payed",227.852449730954
"deity",227.924384027188
"guest",228.015576323988
"whale",228.027470971396
"dykes",228.08297932597
"poker",228.114131973945
"crust",228.150382327952
"fives",228.310676862079
"roman",228.493061455678
"mused",228.51458510337
"casts",228.625035400736
"venal",228.690739167375
"liken",228.701500991221
"fried",228.788161993769
"eager",228.828943642028
"daunt",228.834607759841
"corks",228.853865760408
"wives",229.030019824412
"agree",229.031152647975
"clash",229.085528178986
"stamp",229.116680826961
"folds",229.124044180119
"waifs",229.29056924384
"brute",229.295666949873
"octal",229.462192013594
"taxed",229.700084961767
"fresh",229.70971396205
"fired",229.710280373832
"enter",229.786179552535
"blent",229.864344378363
"flaps",229.872274143302
"image",229.942509204191
"brass",230.227980741999
"slits",230.488530161427
"abase",230.621636930048
"creak",230.642027754177
"fumes",230.71792693288
"sword",230.781365052393
"visor",230.879920702351
"gaped",230.972812234494
"grain",231.079864061172
"force",231.202775417729
"spars",231.237326536392
"curst",231.457660719343
"hairy",231.47295383744
"savoy",231.500708014727
"rogue",231.53922401586
"amend",231.605494194279
"sleek",231.654772019258
"class",231.728405550835
"ached",231.792976493911
"sheik",231.809968847352
"board",231.889832908524
"serve",231.971962616822
"tolls",232.389408099688
"patsy",232.434721042198
"riven",232.699235344095
"dense",232.779099405268
"virus",232.963749645993
"irked",232.988671764373
"swept",232.992070235061
"crisp",233.047012177853
"ridge",233.064570943076
"cagey",233.07476635514
"chest",233.213537241575
"lodge",233.233361653922
"clime",233.34834324554
"wired",233.499008779383
"often",233.51033701501
"burns",233.554517133956
"tools",233.68479184367
"faced",233.685358255452
"blocs",233.751628433871
"beets",233.920419144718
"foxes",233.925516850751
"brigs",234.05805720759
"plain",234.156046445766
"gable",234.158878504673
"sling",234.159444916454
"rocks",234.347493627867
"reply",234.350892098556
"spurn",234.394505805721
"clued",234.521948456528
"grope",234.55196828094
"drums",234.645992636647
"braid",234.73435287454
"disco",234.781365052393
"flora",234.783630699519
"bloat",235.052676295667
"welsh",235.117813650524
"sweet",235.200509770603
"besom",235.25715094874
"aloud",235.321155480034
"slack",235.344944774851
"craze",235.540356839422
"sever",235.585669781931
"ricks",235.630982724441
"probe",235.657604078165
"whose",235.685924667233
"spout",235.706881903144
"shady",235.82582837723
"entry",235.90059473237
"golem",236.179835740583
"posse",236.192296799773
"palsy",236.285754743699
"cross",236.338431039366
"ralph",236.485698102521
"crude",236.499858397055
"flame",236.55593316341
"knots",236.563296516568
"otter",236.913338997451
"dated",237.151798357406
"pasty",237.330218068536
"pawns",237.352308128009
"retch",237.381195128859
"cheat",237.558482016426
"pests",237.591333899745
"rabid",237.675162843387
"jokes",237.856414613424
"gripe",237.9209855565
"towns",238.060889266497
"dosed",238.32766921552
"felon",238.347493627867
"novel",238.450580572076
"towed",238.637496459926
"caked",238.711129991504
"tinge",238.856697819315
"sprig",238.94619088077
"paper",238.963183234211
"stack",239.022090059473
"dowel",239.181818181818
"sigma",239.380628717077
"rowed",239.591333899745
"overt",239.657037666383
"ducts",239.847352024922
"plaid",239.941376380629
"bused",240.055791560464
"foyer",240.097706032285
"daily",240.266496743132
"roach",240.354856981025
"groan",240.371849334466
"broil",240.407533276692
"ochre",240.487963749646
"flags",240.526479750779
"larch",240.615406400453
"power",240.647691871991
"inane",240.760407816483
"bangs",241.023789294817
"lumen",241.098555649958
"seers",241.233361653922
"adult",241.300198244123
"lowed",241.314924950439
"halve",241.421976777117
"lists",241.593033135089
"south",241.625318606627
"vista",241.723874256585
"links",241.724440668366
"amble",241.833191730388
"asses",241.964599263665
"hoary",242.001416029453
"ladle",242.200792976494
"weird",242.269328802039
"fable",242.340696686491
"shawl",242.436986689323
"forms",242.485131690739
"pined",242.48966298499
"olive",242.747380345511
"rebut",242.82158028887
"grime",242.890116114415
"retro",243.05380911923
"honey",243.093457943925
"fecal",243.166525063721
"mange",243.269045596148
"viral",243.564712546021
"calls",243.590767487964
"beset",243.648541489663
"bouts",243.715378079864
"flyer",243.790144435004
"hinds",243.915321438686
"tiara",244.038799207024
"nerdy",244.056924384027
"pilot",244.139054092325
"wider",244.218351741716
"exalt",244.355989804588
"drugs",244.404701217785
"pansy",244.416029453413
"party",244.538374398187
"draft",244.642027754177
"swami",244.663551401869
"shaft",244.715094873973
"twine",244.810252053243
"keels",244.865760407816
"chair",244.890116114415
"begat",244.891815349759
"lurid",244.904276408949
"shout",244.921835174172
"glide",244.943358821863
"tarot",244.958085528179
"cargo",245
"feels",245.009062588502
"jerks",245.093457943925
"uncle",245.162560181252
"firms",245.384593599547
"leaky",245.39422259983
"float",245.482016425942
"aloft",245.537524780515
"decay",245.73463608043
"bonds",245.798074199943
"brave",245.953271028037
"prows",245.962333616539
"azure",245.97082979326
"knelt",245.975361087511
"adopt",246.167941093175
"liked",246.222883035967
"basis",246.358255451713
"scans",246.498725573492
"macro",246.621070518267
"inept",246.688473520249
"haven",246.717360521099
"fused",246.815916171056
"grave",246.947323704333
"heady",246.951854998584
"camps",246.997734352875
"covet",247.004531294251
"wilds",247.136505239309
"fixes",247.420277541773
"frogs",247.575474369867
"cover",247.636080430473
"hazel",247.652506372133
"hasty",247.714245256301
"brief",247.765222316624
"yawns",247.883602378929
"erupt",248.228547153781
"twins",248.412630982724
"debit",248.592183517417
"minds",248.679410931747
"dicta",248.722458227131
"threw",248.743415463042
"rungs",248.852732936845
"slink",248.917870291702
"boule",248.949022939677
"yield",248.993769470405
"feint",249.013593882753
"unmet",249.122911356556
"synod",249.194279241008
"slays",249.285471537808
"leeks",249.326819597848
"brand",249.334749362787
"prude",249.354573775135
"leafy",249.414613423959
"treed",249.46898895497
"title",249.469555366752
"berth",249.581704899462
"ruler",249.591333899745
"wafts",249.662135372416
"crier",249.691588785047
"giant",249.702350608893
"knits",249.794675729255
"randy",249.846219201359
"gazer",250.017841971113
"edict",250.083545737751
"baton",250.116397621071
"lapel",250.119229679977
"tango",250.245539507222
"mower",250.31124327386
"yells",250.335598980459
"tills",250.456811101671
"break",250.861229113566
"sting",250.973378646276
"boned",251.001699235344
"biome",251.015859529878
"pawed",251.1246105919
"fangs",251.250920419145
"midst",251.497309544039
"worms",251.723307844803
"print",251.748796374965
"tilts",252.055791560464
"slash",252.126593033135
"gavel",252.153214386859
"three",252.326536391957
"guile",252.415463041631
"maize",252.436986689323
"grief",252.58085528179
"money",252.585952987822
"mural",252.826111583121
"knees",252.932030586236
"eagle",253.031152647975
"waver",253.105919003115
"sumac",253.285471537808
"slimy",253.337015009912
"drawl",253.354573775135
"trait",253.384593599547
"flesh",253.385160011328
"sauna",253.557915604645
"beryl",253.644010195412
"extra",253.664967431323
"swath",253.688190314359
"today",253.689323137921
"twice",253.698952138204
"issue",253.800339847069
"smirk",253.931747380346
"cigar",253.99575191164
"doors",254.054658736902
"fifes",254.057490795809
"these",254.14528462192
"exist",254.158312092892
"audit",254.230812800906
"repel",254.363353157746
"slaps",254.36505239309
"deter",254.37751345228
"shirk",254.493061455678
"bless",254.73038799207
"prism",254.744548286604
"aided",254.963749645993
"elves",254.974511469839
"seize",254.979609175871
"impel",255.096856414613
"truss",255.206740300198
"piney",255.30303030303
"broad",255.560747663551
"barbs",255.621920135939
"segue",255.647975077882
"locks",255.65137354857
"mined",255.72217502124
"adder",255.723874256585
"rival",255.746530727839
"speed",255.837156612858
"peach",255.937977909941
"organ",255.971962616822
"ounce",256.011611441518
"pecks",256.013877088643
"waive",256.185499858397
"filed",256.401869158879
"elder",256.45227980742
"heeds",256.515151515152
"binds",256.567827810818
"leper",256.587652223166
"slags",256.628433871425
"clerk",256.754177286888
"nasal",256.828943642028
"aorta",256.839705465874
"sieve",257.057774001699
"banks",257.084961767205
"corer",257.170489946191
"tramp",257.266779949023
"prosy",257.306428773718
"obese",257.399320305862
"amiss",257.401019541206
"amour",257.503540073634
"truer",257.549985839705
"grows",257.566411781365
"erode",257.605494194279
"mayor",257.887567261399
"psalm",257.980458793543
"walks",258.081280090626
"gleam",258.191163976211
"snack",258.226281506655
"halls",258.318606627018
"muses",258.499291985273
"faint",258.515717926933
"hoped",258.520815632965
"phone",258.625035400736
"bison",258.633531577457
"flake",258.640894930615
"bells",258.642594165959
"copra",258.730954403852
"deeps",258.804587935429
"rearm",259.152931180969
"fiber",259.185216652506
"famed",259.201642594166
"grand",259.327386009629
"hover",259.412347776834
"stool",259.514301897479
"altar",259.554517133956
"awoke",259.662135372416
"ranch",259.675162843387
"north",259.768620787312
"tempo",259.770886434438
"sedge",259.857547436987
"dicey",259.911922967998
"views",260.018974794676
"voted",260.225148683093
"inner",260.24893797791
"antic",260.28632115548
"irony",260.357689039932
"whore",260.451146983857
"joins",260.64316057774
"shank",260.793259699802
"drove",260.805720758992
"glass",260.849900877938
"masts",260.913338997451
"minus",260.969980175588
"caved",260.979609175871
"drive",261.249787595582
"spawn",261.361370716511
"chaps",261.429906542056
"loons",261.4316057774
"flaws",261.44406683659
"orbit",261.509770603229
"roved",261.683092608326
"stays",261.71764372699
"along",261.743698668932
"baize",261.747097139621
"mince",261.772585669782
"sizes",261.822996318323
"dwelt",261.898329085245
"civet",262.163409798924
"chart",262.182101387709
"minor",262.203058623619
"ensue",262.346927216086
"tombs",262.363919569527
"rusty",262.583120928915
"torso",262.665250637213
"drank",262.669215519683
"deems",262.695836873407
"spank",262.723591050694
"forge",262.83007646559
"knead",262.843670348343
"stems",262.976210705183
"roost",263.250354007363
"moths",263.374398187482
"flash",263.380062305296
"souls",263.393656188049
"sense",263.5227980742
"stilt",263.822996318323
"lousy",263.837156612858
"sixes",263.9209855565
"shell",264.044463324837
"decry",264.126026621354
"boney",264.182101387709
"brows",264.183800623053
"drily",264.183800623053
"twirl",264.205324270745
"drier",264.371282922685
"sofas",264.421693571226
"chins",264.448881336732
"scowl",264.46077598414
"eyrie",264.486264514302
"broke",264.525346927216
"loved",264.571226281507
"rhino",264.719626168224
"dolls",264.770036816766
"waken",264.818181818182
"meter",264.820447465307
"freak",265.10365335599
"demon",265.202775417729
"modal",265.268479184367
"voice",265.323421127159
"dread",265.350042480884
"fawns",265.357972245823
"limbs",265.390824129142
"flirt",265.526762956669
"steps",265.538091192297
"stink",265.631549136222
"joist",265.872274143302
"ticks",266.07051826678
"forks",266.152647975078
"baked",266.165109034268
"seedy",266.223449447749
"slabs",266.272160860946
"peace",266.664684225432
"craft",266.760974228264
"jeers",266.839139054092
"snaky",266.868592466723
"wreak",266.882752761257
"bonus",266.941659586519
"diver",266.961483998867
"coups",267.16992353441
"flute",267.189747946757
"bower",267.231096006797
"thorn",267.244123477768
"fairy",267.261115831209
"crawl",267.268479184367
"urged",267.291135655622
"greet",267.295100538091
"graze",267.402718776551
"ombre",267.502407250071
"thief",267.906825261965
"moose",267.973095440385
"viper",268.017275559332
"unsay",268.032568677428
"seven",268.087510620221
"downs",268.356556216369
"burst",268.412630982724
"payee",268.489096573209
"muted",268.538940809969
"prove",268.566694987256
"edges",268.574058340413
"spans",268.648824695554
"court",268.726423109601
"licks",268.774568111017
"hovel",268.779099405268
"curio",268.888983290852
"verse",268.950722175021
"beret",269.005097706032
"scamp",269.064004531294
"alley",269.205041064854
"preen",269.225431888983
"point",269.355706598697
"stags",269.461059190031
"howls",269.51033701501
"tempi",269.711413197395
"yolks",269.79241008213
"fibre",269.8632115548
"blend",270.114698385726
"whole",270.220617388842
"gross",270.254035683942
"badge",270.281789861229
"piety",270.303879920702
"fetid",270.367884451997
"still",270.380911922968
"gnaws",270.39847068819
"hyena",270.414330218069
"stomp",270.587652223166
"smell",270.649957519116
"track",270.997167941093
"sibyl",271.065703766638
"sheep",271.145567827811
"dirty",271.206740300198
"beady",271.226564712546
"wells",271.293401302747
"scrum",271.539790427641
"spell",271.713112432739
"scuba",271.824695553668
"linen",271.851316907392
"mover",271.947040498442
"snaps",272.039365618805
"capon",272.290852449731
"veldt",272.293118096856
"hunts",272.409798923818
"sheds",272.761540640045
"essay",272.948456527896
"dried",273.662701784197
"demur",273.753327669216
"glued",273.809402435571
"dopey",274.07051826678
"bowel",274.133389974511
"costs",274.254602095724
"slick",274.291418861512
"while",274.416029453413
"wheat",274.434721042198
"paved",274.507221750212
"aware",274.674313225715
"galls",274.751345227981
"tonic",274.792126876239
"label",274.796091758709
"claim",274.918436703483
"lungs",274.940526762957
"omega",274.998867176437
"fells",275.065137354857
"third",275.109317473803
"truly",275.132540356839
"smith",275.195412064571
"loamy",275.307561597281
"beach",275.768054375531
"waged",275.799207023506
"wrapt",275.938544321722
"typed",275.960067969414
"abate",276.023506088927
"denim",276.077881619938
"sight",276.12036250354
"shall",276.153780798641
"tonga",276.166808269612
"coupe",276.197394505806
"gnash",276.322005097706
"stock",276.428490512603
"agate",276.554800339847
"haunt",276.604078164826
"cyber",276.644859813084
"chefs",276.695270461626
"dunce",276.718493344662
"twain",276.760407816483
"quire",276.99603511753
"fiery",277.090059473237
"rider",277.138204474653
"niche",277.146134239592
"leery",277.231096006797
"there",277.323421127159
"rodeo",277.566978193146
"oozes",277.596431605777
"podia",277.62248654772
"stabs",277.658170489946
"warty",277.71367884452
"sally",277.761257434155
"works",277.895497026338
"wield",278.105069385443
"finds",278.144718210139
"elide",278.165109034268
"goose",278.260832625319
"egret",278.410365335599
"fuses",278.426791277259
"rebel",278.557065986973
"shunt",278.683942225998
"moped",278.986406117247
"voila",279.02095723591
"chide",279.069668649108
"squat",279.073067119796
"begot",279.119512885868
"doled",279.271877655055
"avows",279.342112715944
"troll",279.461625601813
"riper",279.48541489663
"glows",279.657037666383
"video",279.73010478618
"apnea",279.816765788728
"chard",280.127159444916
"bland",280.134522798074
"ovine",280.140186915888
"kinds",280.207023506089
"viola",280.403001982441
"latch",280.458510337015
"above",280.463608043047
"cools",280.548003398471
"inlay",280.687340696686
"scrub",280.749079580855
"clove",280.760407816483
"croak",280.892948173322
"decoy",280.933163409799
"elope",281.170489946191
"utter",281.201076182385
"hyper",281.288870008496
"round",281.288870008496
"erect",281.368734069669
"vests",281.376097422826
"drawn",281.389691305579
"white",281.480317190598
"field",281.563013310677
"bicep",281.56414613424
"guard",281.719342962334
"align",281.837723024639
"harsh",282.376380628717
"fasts",282.413763806287
"slung",282.524214103653
"shiny",282.767204757859
"front",282.876522231662
"admit",282.887284055508
"began",282.961483998867
"fault",283.173888416879
"quiet",283.382894364203
"groin",283.931747380345
"lived",284.010478617955
"sewed",284.096006796941
"packs",284.134522798074
"cobra",284.156046445766
"globe",284.190597564429
"vital",284.297649391107
"panic",284.324837156613
"balls",284.352024922118
"quasi",284.523647691872
"cleft",284.592183517417
"gland",284.715094873973
"doted",284.741716227698
"coven",284.818181818182
"robin",285.159161710564
"waked",285.177286887567
"tasks",285.292268479184
"babel",285.472387425658
"lusty",285.490512602662
"diode",285.525630133107
"mercy",285.532993486265
"buyer",285.603794958935
"chafe",285.65986972529
"docks",285.723874256585
"ether",285.76748796375
"snags",285.777116964033
"puree",285.786179552535
"stash",285.829226847918
"poked",285.967431322572
"stick",286.235910506939
"franc",286.445482866044
"perch",286.463608043047
"basso",286.61823845936
"brier",286.99150382328
"cowed",287.011328235627
"sorry",287.053242707448
"films",287.059473237043
"suits",287.084395355423
"order",287.210705182668
"fined",287.254318889833
"bowls",287.28207306712
"small",287.323421127159
"tipsy",287.347776833758
"winds",287.358538657604
"hardy",287.87567261399
"unlit",287.980458793543
"silky",288.105069385443
"clout",288.348060039649
"world",288.538374398187
"suing",288.591617105636
"total",288.606343811951
"depth",288.662418578306
"leave",288.899178702917
"feeds",289.080430472954
"lunge",289.206740300198
"giver",289.252619654489
"mauve",289.335882186349
"ducat",289.35287453979
"maybe",289.495610308694
"bloke",289.575474369867
"pinto",289.624185783064
"brisk",289.67233078448
"trill",289.970263381478
"rebar",290.03313508921
"gaily",290.210988388558
"twigs",290.299348626451
"tints",290.418861512319
"study",290.597281223449
"spiny",290.790427640895
"piper",291.061738884169
"bleak",291.089493061456
"purge",291.127442650807
"bilge",291.168790710847
"blows",291.267346360804
"nomad",291.42310960068
"biped",291.434437836307
"syrup",291.555083545738
"deign",291.57660719343
"prank",291.579439252336
"choir",291.662135372416
"heath",291.725007080147
"habit",291.831492495044
"wrath",292.006513735486
"props",292.059190031153
"wince",292.078448031719
"foray",292.267063154914
"slosh",292.419427924101
"women",292.520249221184
"sells",292.673180402152
"niece",292.803455111866
"tweak",292.838572642311
"prize",292.93769470405
"vault",292.980741999434
"lyric",293.015293118097
"paean",293.016992353441
"speck",293.019824412348
"risky",293.082696120079
"slops",293.127442650807
"owned",293.205041064854
"phial",293.266779949023
"micro",293.491079014444
"slunk",293.976493911073
"betel",294.071651090343
"desks",294.136222033418
"guide",294.146983857264
"backs",294.152647975078
"atoll",294.269328802039
"vapor",294.500991220617
"urban",294.621636930048
"stews",294.659020107618
"belie",294.749645992637
"stood",294.810252053243
"apple",294.836873406967
"testy",294.840271877655
"fiord",294.93769470405
"fraud",295.105919003115
"moors",295.286604361371
"strut",295.359105069385
"allot",295.392523364486
"glaze",295.432172189182
"rupee",295.577740016992
"medic",295.686491079014
"until",295.724440668366
"fiefs",295.772019258001
"hacks",295.995185499858
"gifts",296.001416029453
"zesty",296.183800623053
"octet",296.395638629283
"quest",296.706598697253
"folks",296.958085528179
"about",297.037949589351
"crank",297.042480883602
"cheap",297.064004531294
"audio",297.254318889833
"grove",297.351741716228
"gusto",297.391390540923
"shrug",297.457094307562
"clubs",297.525063721325
"roger",297.637779665817
"rooms",297.851883319173
"gaunt",298.153780798641
"final",298.260266213537
"blaze",298.585952987822
"movie",298.622769753611
"manic",298.628433871425
"walls",298.659020107618
"falls",298.830642877372
"graft",298.888983290852
"shrub",299.005097706032
"creed",299.186349476069
"rhyme",299.225431888983
"weeds",299.227131124327
"gloss",299.421410365336
"lusts",299.625318606627
"banns",299.717077315208
"spoor",299.782214670065
"exact",299.867742849051
"devil",299.880203908241
"lefty",299.921551968281
"widen",299.946474086661
"ghost",300.002548853016
"chant",300.08694420844
"vicar",300.175304446332
"valid",300.349192863212
"faith",300.645992636647
"abhor",300.895780232229
"carat",300.940526762957
"grubs",301.061738884169
"fowls",301.397621070518
"datum",301.46049277825
"focus",301.638346077598
"flask",301.803171905976
"debut",301.811668082696
"squad",302.063721325404
"prawn",302.22005097706
"genre",302.23251203625
"tulle",302.535542339281
"swell",302.586519399604
"clang",302.683942225998
"green",302.687340696687
"rerun",302.843670348343
"aptly",302.935995468706
"risks",302.993769470405
"taint",303.099122061739
"amity",303.171056357972
"donut",303.19484565279
"yoked",303.385160011328
"algae",303.512602662135
"bacon",303.590201076182
"totem",303.682526196545
"stung",303.766921551968
"ducal",304.003115264797
"caput",304.029736618522
"swans",304.031435853866
"neigh",304.146417445483
"monks",304.150382327952
"aunty",304.334466156896
"pasta",304.405834041348
"fakir",304.465307278391
"spicy",304.484565278958
"grout",304.597847635231
"elect",304.703766638346
"slips",304.869725290286
"chain",304.955819881054
"topic",304.964316057774
"posts",305.005097706032
"cabin",305.031152647975
"corny",305.094590767488
"crony",305.296233361654
"zebra",305.336448598131
"stint",305.683659020108
"smack",305.794675729255
"shift",305.898329085245
"cozen",306.002548853016
"guess",306.231379212688
"tumor",306.359388275276
"primo",306.498159161711
"detox",306.809685641461
"flows",306.940526762957
"gonad",307.150099122062
"radii",307.16199376947
"spots",307.202209005947
"below",307.218068535826
"rarer",307.248654772019
"blurt",307.259416595865
"creep",307.272444066837
"chasm",307.350608892665
"tubal",307.777683375814
"elfin",307.866610025489
"discs",307.931180968564
"odder",307.943642027754
"quote",308.097139620504
"sough",308.355423392807
"manly",308.360521098839
"brawl",308.366751628434
"hinge",308.405834041348
"knave",308.491928632116
"liege",308.536675162843
"torch",308.545737751345
"gnome",308.611441517984
"befit",308.754177286888
"ficus",308.797224582271
"guano",308.907108467856
"cello",308.927499291985
"plume",309.344944774851
"focal",309.386292834891
"mirth",309.667233078448
"combs",309.836023789295
"pools",309.968564146134
"moult",309.984990087794
"shaky",310.053525913339
"crush",310.154913622203
"polls",310.228547153781
"natal",310.363353157746
"toque",310.455678278108
"afoul",310.464174454829
"sweep",310.588785046729
"oxide",310.638629283489
"vague",310.708864344378
"chops",310.728688756726
"fleet",311.257717360521
"rheum",311.365902010762
"plums",311.644010195412
"extol",311.683092608326
"boors",311.932313792127
"chute",311.963466440102
"chess",311.981591617106
"tests",312.013310676862
"boxer",312.051826677995
"quite",312.456811101671
"seeds",312.554233928066
"duvet",312.927499291985
"gangs",313.19088077032
"tract",313.207873123761
"derby",313.218634947607
"drift",313.507504956103
"retry",313.732936845086
"cloak",313.741999433588
"frisk",313.859246672331
"joker",314.031435853866
"pinks",314.059756442934
"glint",314.117530444633
"pixel",314.346360804305
"curve",314.63466440102
"waxen",314.673180402152
"stunk",315.198244123478
"tasty",315.216935712263
"jests",315.485981308411
"chips",315.607759841405
"bliss",315.868309260833
"renew",316.068819031436
"chime",316.07051826678
"fiend",316.078448031719
"whine",316.23647691872
"vaunt",316.259133389975
"buoys",316.465307278391
"stout",316.491362220334
"plugs",316.595015576324
"cramp",316.621636930048
"login",316.874822996318
"loops",316.956386292835
"stops",317.054375531011
"swamp",317.072500708015
"dozen",317.077032002266
"girly",317.099122061739
"apace",317.301897479468
"shack",317.348909657321
"ovary",317.427640894931
"rural",317.57660719343
"funds",317.685358255452
"lumps",317.821863494761
"vowel",318.55593316341
"quits",318.6930048145
"pesky",318.740016992353
"legal",318.945624468989
"idled",318.961483998867
"glory",318.98753894081
"ethic",319.018125177004
"crepe",319.12857547437
"could",319.413480600396
"zonal",319.548286604361
"glove",319.616256018125
"shots",319.888700084962
"incur",319.972529028604
"chief",320.12036250354
"flour",320.45227980742
"quart",320.968280940244
"proud",321.054375531011
"spits",321.489946190881
"girth",321.596998017559
"cloth",321.657037666383
"weeps",321.922684791844
"quays",321.998017558765
"gazed",322.028603794959
"mists",322.136222033418
"vegan",322.142452563013
"snowy",322.146983857264
"count",322.360521098839
"ardor",322.369017275559
"hills",322.45624468989
"hosts",322.689039932031
"birth",322.72189181535
"bribe",322.729255168508
"tulip",323.049277824979
"eight",323.318323421127
"rooks",323.41914471821
"keeps",323.499575191164
"march",323.552817898612
"roofs",323.570943075616
"woken",323.636646842254
"trust",323.662135372416
"gorge",323.689889549703
"covey",323.705749079581
"slump",323.923251203625
"wiped",324.014443500425
"mowed",324.03313508921
"polka",324.13282356273
"looms",324.363353157746
"rower",324.363919569527
"mourn",324.447748513169
"creme",324.873123760974
"tarry",324.977909940527
"logic",325.410082129708
"trick",325.46898895497
"harpy",325.473520249221
"being",325.802039082413
"wooer",326.179269328802
"cheer",326.272727272727
"cavil",326.325403568394
"frond",327.059473237043
"cloud",327.209572359105
"waved",327.218634947607
"newer",327.25318606627
"revel",327.271311243274
"sooty",327.354007363353
"horny",327.708014726706
"apart",327.901161144152
"texts",328.399037099972
"sloop",328.511186632682
"cooed",328.59331634098
"plank",328.729255168508
"heavy",328.802322288304
"tangy",328.921835174172
"floss",328.947323704333
"gowns",329.193712829227
"shown",329.246955536675
"hello",329.297932596998
"dusty",329.314358538658
"midge",329.32795242141
"lever",329.440668365902
"admin",329.488246955537
"salsa",329.528462192014
"newly",329.561880487114
"candy",329.703483432455
"mills",330.064854148966
"lingo",330.222316624186
"bogus",330.312376097423
"knobs",330.354290569244
"swift",331.02492211838
"hawks",331.114981591617
"piece",331.158028887001
"avoid",331.266213537242
"fixer",331.447465307278
"purer",331.488246955537
"perky",331.607759841405
"droll",331.679694137638
"prowl",331.830926083263
"femur",331.841121495327
"pills",331.854148966299
"gasps",331.907958085528
"spool",331.98329085245
"broth",332.304446332484
"binge",332.345794392523
"turbo",332.496459926366
"china",332.572925516851
"libel",332.747946757293
"shams",332.762673463608
"froze",332.836306995186
"brawn",332.947890116114
"brunt",333.152931180969
"burnt",333.180118946474
"anvil",333.246389124894
"basal",333.3069951855
"enema",333.35683942226
"thyme",333.502407250071
"slily",333.516567544605
"bravo",333.524497309544
"eerie",333.641178136505
"chary",333.820730671198
"hymen",333.8632115548
"ruder",334.290852449731
"nouns",334.453412630983
"angry",334.561030869442
"favor",334.799490229397
"ahead",334.894080996885
"theta",334.999433588219
"clank",335.045879354291
"gauze",335.293967714528
"elude",335.443500424809
"shins",335.451430189748
"adage",335.475219484565
"right",335.631549136222
"belch",335.674596431606
"whist",335.791843670348
"unfed",335.868875672614
"staff",336.076182384594
"frank",336.267063154914
"helix",336.5683942226
"equal",336.572359105069
"begin",336.581421693571
"evict",336.924100821297
"graph",336.933163409799
"kings",337.079864061172
"mango",337.441234777683
"major",337.705182667799
"optic",337.87567261399
"hydra",337.901727555933
"ratty",337.914188615123
"wings",337.936278674596
"rally",338.022939677145
"genie",338.053525913339
"fruit",338.179269328802
"alarm",338.294250920419
"vocal",338.34013027471
"silly",338.429623336165
"studs",338.903143585387
"hoots",338.944491645426
"brush",338.976210705183
"nonce",339.423676012461
"hulks",339.7386009629
"spurs",339.770320022657
"kneel",339.807136788445
"silks",339.94194279241
"trunk",340.0455961484
"songs",340.174738034551
"bruin",340.277258566978
"drill",340.319173038799
"aphid",340.469838572642
"charm",340.868026054942
"valve",340.924100821297
"mocks",340.946757292552
"spins",341.052109883886
"sixty",341.427074483149
"grind",341.495610308694
"drink",341.5227980742
"meted",341.573208722741
"bowed",341.591333899745
"quail",341.73463608043
"tacit",341.750495610309
"gills",341.836023789295
"built",341.889832908525
"guilt",341.934013027471
"beaux",342.077881619938
"unwed",342.088077032002
"tryst",342.105069385443
"tawny",342.135655621637
"flint",342.169073916737
"hotly",342.197394505806
"grunt",342.278957802322
"blond",342.38997451147
"boots",342.901444350042
"titan",343.060039648825
"gauge",343.397621070518
"sooth",343.516567544605
"music",343.81733220051
"smash",343.950438969131
"usual",343.95836873407
"circa",344.000283205891
"multi",344.114698385726
"tithe",344.173038799207
"gamin",344.251203625035
"whirl",344.329934862645
"ingot",344.439252336449
"curly",344.92126876239
"cache",345.07873123761
"snobs",345.350608892665
"plush",345.46049277825
"shoot",345.554517133956
"bills",345.578306428774
"sacks",345.650240725007
"amigo",345.709147550269
"spill",345.981025205324
"pence",345.999716794109
"etude",346.05805720759
"faded",346.206457094308
"chord",346.44831492495
"forty",346.492495043897
"laugh",346.835740583404
"thank",346.909374114982
"dined",346.984706881903
"picks",347.145567827811
"stoop",347.548853016143
"fella",347.569810252053
"fools",347.600962900028
"madly",347.999150382328
"throb",348.177003681677
"aroma",348.298215802889
"forth",348.806287170773
"froth",348.847068819031
"venom",349.146134239592
"lucid",349.164825828377
"stump",349.244123477768
"briar",349.295666949873
"recur",349.433305012744
"casks",349.548286604361
"joust",349.720475785896
"greed",349.738034551119
"waxed",349.75106202209
"feign",349.764089493061
"drool",349.793542905692
"handy",350.18266779949
"nudge",350.328802039082
"deeds",350.646559048428
"moved",350.823845935995
"prong",350.931464174455
"croup",350.967714528462
"dumps",350.972812234494
"seems",351.512036250354
"welch",351.689889549703
"nerve",351.815066553384
"rover",352.312376097423
"tunic",352.549702633815
"creek",353.519399603512
"gourd",354.146417445483
"looks",354.254602095724
"mount",354.305012744265
"spasm",354.308411214953
"heave",354.685641461342
"river",354.692438402719
"lanky",354.929198527329
"smock",355.158028887001
"offer",355.19088077032
"taunt",355.267912772586
"drown",355.299631832342
"memes",355.754460492778
"choke",355.909657320872
"bayou",356.090342679128
"signs",356.11186632682
"aping",356.205890682526
"swing",356.239875389408
"soups",356.429056924384
"imbue",356.553667516284
"sings",356.835174171623
"quake",356.839705465874
"growl",356.856131407533
"waded",356.898612291136
"briny",356.989238176154
"patch",357.025488530161
"flout",357.146134239592
"caulk",357.198810535259
"agony",357.237326536392
"myths",357.301897479468
"moons",357.31549136222
"flume",357.323987538941
"reedy",357.587369017276
"udder",357.623619371283
"agape",357.69725290286
"abyss",357.783913905409
"dryer",357.976493911073
"clamp",358.178702917021
"sulky",358.43981874823
"fiche",358.536675162843
"breed",358.541772868876
"stuck",358.561597281223
"worth",358.770036816766
"wroth",358.798923817615
"gecko",358.852166525064
"hymns",358.856697819315
"woven",358.890116114415
"kinda",358.95015576324
"endow",358.981874822996
"among",359.557349192863
"axion",359.569810252053
"cacti",359.632681959785
"merge",359.76748796375
"never",360.038232795242
"bench",360.340696686491
"diced",360.455678278108
"stunt",360.471537807986
"weeks",360.501557632399
"armor",361.141602945341
"magic",361.489946190881
"jaunt",361.536958368734
"hoods",361.569243840272
"sixth",361.710280373832
"bugle",361.72217502124
"gulfs",361.760124610592
"crypt",362.045029736619
"local",362.119796091759
"bulge",362.228547153781
"given",362.378646275843
"winks",362.872557349193
"ducks",363.650240725007
"crown",363.715944491645
"knife",363.73010478618
"sways",363.863777966582
"knows",364.052959501558
"wasps",364.18266779949
"yacht",364.375247805154
"gamut",364.642594165959
"hence",364.967148116681
"lurch",364.98753894081
"blind",365.070801472671
"upper",365.28207306712
"fists",365.295666949873
"aglow",365.700651373549
"index",365.70971396205
"bible",365.813933729822
"elbow",365.909657320872
"using",366.081846502407
"ebony",366.114698385726
"child",366.665250637213
"macho",366.669781931464
"sonny",366.726423109601
"whims",367.120079297649
"topaz",367.365902010762
"deuce",367.503540073634
"divan",367.658170489946
"wills",368.052959501558
"blank",368.204757858963
"juice",368.335598980459
"color",368.400736335316
"whips",369.030586236194
"badly",369.177286887567
"sappy",369.236760124611
"light",369.310960067969
"doing",369.38572642311
"ledge",369.760691022373
"bleed",369.838855848202
"churl",369.991220617389
"dooms",370.014443500425
"canal",370.0455961484
"bulks",370.090342679128
"shoon",370.504389691306
"burrs",370.667516284339
"kills",370.674879637496
"snoop",370.674879637496
"oakum",370.72189181535
"quash",370.818181818182
"spoon",370.907674879638
"blunt",371.044180118946
"tally",371.24072500708
"bigot",371.252053242707
"exult",371.398753894081
"woman",371.591900311527
"borax",371.724440668366
"shock",371.815066553384
"evade",371.873973378646
"agora",372.094873973379
"boons",372.500424808836
"koala",372.678844519966
"epoch",372.881053525913
"freed",373.169357122628
"vapid",373.231096006797
"canon",373.416312659303
"twang",373.490512602662
"moods",373.541489662985
"fetch",373.847918436703
"smoky",374.129991503823
"crimp",374.332200509771
"prior",374.949589351458
"joyed",375.148399886718
"slush",375.164259416596
"wagon",375.17841971113
"weigh",375.67629566695
"tenth",375.745397904276
"masks",375.799207023506
"blush",376.003115264797
"leech",376.295950155763
"unity",376.576323987539
"throw",376.641461342396
"solos",376.800623052959
"trout",377.245822713112
"goods",377.432738600963
"taboo",377.505239308978
"fills",377.612857547437
"friar",377.812800906259
"match",377.841687907108
"defer",378.049561030869
"jacks",378.112432738601
"rabbi",378.285754743699
"showy",378.395072217502
"slums",378.750778816199
"bleep",379.2158028887
"gassy",379.33191730388
"ketch",379.363069951855
"joint",379.432172189182
"month",379.898329085245
"lilac",379.958935145851
"spiky",380.069385443217
"dogma",380.560464457661
"lofty",381.34437836307
"ivory",381.529028603795
"limbo",381.583404134806
"snows",381.657604078165
"feted",381.999716794109
"tenet",382.574624752195
"pound",382.593882752761
"batch",382.772868875673
"swash",383.352308128009
"cling",383.483715661286
"abbey",383.632115548003
"swill",383.65137354857
"notch",383.853582554517
"quota",384.179269328802
"trump",384.22005097706
"dwarf",384.442084395355
"wicks",384.443217218918
"motif",384.526479750779
"kiosk",384.596714811668
"slugs",384.802888700085
"odium",384.828943642028
"sinks",384.864627584254
"skill",385.056641178136
"tacky",385.065703766638
"domed",385.368167657887
"input",385.408382894364
"crowd",385.441234777683
"foamy",385.501840838289
"eying",385.588501840838
"porch",385.628717077315
"fluke",385.880770320023
"musty",385.976493911073
"squaw",386.1702067403
"flank",386.209289153214
"piped",386.266496743132
"snuck",386.396771452846
"skimp",386.447182101388
"lorry",386.762107051827
"mecca",387.02492211838
"pshaw",387.043613707165
"iliac",387.261682242991
"bandy",387.513169073917
"disks",387.54772019258
"arbor",387.595298782215
"rumba",387.642877371849
"would",387.826961200793
"scull",387.965165675446
"skins",388.030303030303
"clown",388.157179269329
"pivot",388.467006513735
"gongs",388.632398753894
"doubt",388.687340696686
"wreck",388.70546587369
"theme",388.726423109601
"peeps",389.428773718493
"palmy",389.646275842538
"pasha",390.220617388842
"modem",390.278957802322
"gipsy",390.338431039366
"hydro",390.662984990088
"ditch",390.804021523648
"chirp",390.820447465307
"whelp",390.975644293401
"revue",391.068535825545
"hound",391.108184650241
"fount",391.222033418295
"guild",391.53525913339
"beget",391.576040781648
"loyal",391.837723024639
"build",391.902293967715
"vogue",392.436986689323
"wench",392.826111583121
"tweed",392.990370999717
"humor",393.018125177004
"seeks",393.239025771736
"group",393.668365902011
"drama",393.708581138488
"await",393.931180968564
"annex",394.234211271594
"umbra",394.384876805438
"sills",394.45227980742
"shops",394.784763523081
"gusty",394.806853582555
"drunk",395.59756442934
"carry",395.728971962617
"fumed",395.777116964033
"fence",395.778249787596
"vigor",395.894930614557
"attic",396.144151798357
"tutor",396.166241857831
"rough",396.268195978476
"spunk",396.393372982158
"gooey",396.517983574058
"toxin",396.576323987539
"minty",396.764372698952
"hulls",396.953554233928
"boost",397.133106768621
"bring",397.229963183234
"mixed",397.362503540074
"brink",397.374398187482
"aught",397.568111016709
"vowed",398.243840271878
"human",398.465873690173
"hefty",398.519116397621
"ember",399.12857547437
"flush",399.206173888417
"boxed",399.224299065421
"quips",399.474086661003
"morph",399.902293967715
"dingo",400.15774568111
"chums",400.214953271028
"birch",400.459076748796
"adapt",400.621636930048
"foods",400.644859813084
"arrow",400.79665817049
"joked",401.14953271028
"pique",401.411214953271
"exile",401.614556782781
"where",402.217785329935
"larva",402.52704616256
"vomit",402.621636930048
"bunks",402.753044463325
"wheel",402.851033701501
"sushi",403.728971962617
"troop",403.936278674596
"pulls",404.332200509771
"waltz",404.335032568677
"filth",404.366751628434
"mocha",404.704899461909
"alloy",404.853865760408
"shuns",404.882186349476
"merry",405.030019824412
"pouty",405.299065420561
"donor",405.49787595582
"truck",405.645709430756
"empty",405.700651373549
"wrack",405.903993203059
"scoop",406.129425092042
"socks",406.218351741716
"boded",406.655055225149
"ships",407.476352308128
"weave",407.750495610309
"ditto",407.845652789578
"churn",407.895497026338
"thong",408.583120928915
"sighs",408.879354290569
"cycle",409.386292834891
"geese",410.009912206174
"nooks",410.025205324271
"fancy",410.294817332201
"annul",410.420560747664
"crazy",410.572359105069
"begun",410.883319173039
"moldy",410.970546587369
"thrum",411.471254602096
"mania",411.50637213254
"gusts",411.615123194562
"watch",411.910223732654
"nobly",411.93344661569
"fitly",412.072783913905
"idiot",412.093174738035
"gotta",412.368450863778
"troth",412.420560747664
"mound",412.438119512886
"grill",412.664684225432
"awake",412.822713112433
"dodge",413.013027470971
"sexes",413.440668365902
"sagas",413.728971962617
"teddy",413.962333616539
"gaudy",413.966298499009
"havoc",414.097706032285
"natty",414.142452563013
"burly",414.332766921552
"colic",414.380345511187
"query",414.515717926933
"axiom",414.546870574908
"exert",414.681110167092
"opium",414.715094873973
"dazed",415.206173888417
"touch",415.241857830643
"gaffe",415.768620787312
"jaded",415.953837439819
"furze",415.967997734353
"eking",416.37751345228
"godly",417.138770886434
"chalk",417.188048711413
"bided",417.679694137638
"rigor",417.791277258567
"wooed",418.072783913905
"edify",418.476069102237
"shuts",418.526479750779
"toxic",418.590484282073
"album",418.626168224299
"hoops",419.235627301048
"gulls",419.90455961484
"brown",420.115264797508
"amply",420.190031152648
"humps",420.520815632965
"sully",420.941659586519
"finis",421.032285471538
"busts",421.1823845936
"swung",421.570943075616
"queer",421.604361370717
"needy",421.605494194279
"prick",421.612291135656
"clink",421.80487114132
"junta",422.2613990371
"stiff",422.301047861796
"fatal",422.418861512319
"dimly",422.585952987822
"harry",422.902577173605
"sulks",423.271877655055
"vexes",423.368734069669
"woods",423.578872840555
"cubit",423.810535259133
"krill",424.277258566978
"lupus",424.278957802322
"wrong",424.359954687057
"budge",424.544038516001
"gravy",424.85046728972
"motor",424.855564995752
"sassy",425.783347493628
"afoot",425.846785613141
"twist",426.028037383178
"ruffs",426.43981874823
"wispy",426.517983574058
"parry",426.754177286888
"envoy",426.955819881054
"razor",427.000566411781
"wordy",427.277541772869
"banal",427.440101954121
"balmy",428.010478617955
"debug",428.271028037383
"savvy",428.369017275559
"ghoul",428.419994335882
"bumps",428.50212404418
"amass",428.650523930898
"genii",428.738884168791
"aloof",429.92948173322
"grown",430.08694420844
"kneed",430.088077032002
"youth",430.465307278391
"thing",430.938827527613
"gouge",431.182951005381
"berry",431.649107901444
"undue",431.813933729822
"wring",432.579722458227
"bulls",432.761540640045
"grimy",433.064570943076
"fluid",433.073067119796
"swoon",433.188615123195
"flail",433.336448598131
"mouth",433.419711129992
"fishy",433.436137071651
"banjo",433.46049277825
"dowry",433.573775134523
"fudge",433.79241008213
"wharf",433.925516850751
"quilt",436.0455961484
"gouty",436.174738034551
"tying",436.579722458227
"forum",436.699801755877
"rowdy",436.775700934579
"fleck",437.135372415746
"frown",437.227131124327
"cooks",437.309827244407
"fewer",437.488246955537
"awash",437.534126309827
"delve",437.620787312376
"tough",437.661568960634
"alibi",437.952138204475
"knell",437.970263381478
"marry",438.312942509204
"night",438.382044746531
"butte",438.69696969697
"rocky",438.905409232512
"squib",438.960917587086
"petty",439.148966298499
"tibia",440.173605210988
"swims",440.536675162843
"again",440.544038516001
"milch",440.641461342396
"award",440.715094873973
"bound",441.343245539507
"catty",441.947606910224
"honor",442.357689039932
"lunch",442.378079864061
"venue",442.733786462758
"vixen",442.958085528179
"fixed",443.222599830076
"butts",444.158878504673
"event",444.473803455112
"tusks",444.737751345228
"found",445.249787595582
"abbot",445.251486830926
"black",445.765788728406
"pitch",445.822996318323
"lying",446.416029453413
"brick",446.580288870008
"skims",446.628433871425
"nabob",446.636930048145
"think",447.035117530445
"dally",447.058906825262
"verge",447.924950438969
"unfit",448.579722458227
"avail",448.669215519683
"bulbs",448.690172755593
"erred",448.716227697536
"allow",449.238459359955
"climb",449.363069951855
"colon",449.47295383744
"jerky",449.501840838289
"frill",450.221750212404
"mangy",450.34013027471
"druid",450.538374398187
"papas",450.836873406967
"cocks",451.270744831492
"sniff",451.754460492778
"ferry",451.818465024073
"missy",451.958935145851
"ennui",452.127159444916
"robot",452.80911922968
"booms",452.942792410082
"coach",452.967714528462
"mogul",453.459359954687
"mossy",453.692155196828
"soggy",453.736901727556
"wisps",453.939110733503
"quark",454.191163976211
"bucks",454.753044463325
"skips",455.129141886151
"duped",455.794109317474
"wound",455.834890965732
"floor",455.926649674313
"shows",456.001982441235
"moron",457.289436420278
"blown",457.847352024922
"annoy",458.581988105353
"shyly",458.943358821863
"swish",459.337581421694
"hoofs",459.817898612291
"bingo",459.931747380345
"scoff",460.201359388275
"awful",462.00821297083
"vodka",462.557632398754
"hedge",462.840838289436
"kebab",462.9088077032
"sunny",462.964316057774
"parka",463.996318323421
"width",464.240441801189
"cumin",464.822146700651
"elegy",465.002265647125
"bitch",465.187482299632
"hooks",465.233928065704
"added",465.275276125743
"whisk",465.427074483149
"amaze",465.523364485981
"calyx",466.114698385726
"blink",466.150382327952
"error",466.557632398754
"bombs",466.879920702351
"clung",467.282639478901
"flack",467.420843953554
"fritz",468.894080996885
"tepee",469.188615123195
"attar",469.777116964033
"dusky",469.832625318607
"bossy",470.080713678845
"crump",470.107335032569
"qualm",470.61427357689
"spoof",471.097422826395
"lynch",471.146700651374
"skull",471.195412064571
"usurp",471.644576607193
"pithy",471.99178702917
"shuck",472.401302747097
"ought",472.501557632399
"kicks",472.503823279524
"droop",472.98357405834
"botch",473.573208722741
"privy",474.246672330784
"excel",474.425658453696
"augur",474.587652223166
"patty",474.642027754177
"limit",475.067403001982
"melee",475.099122061739
"pinch",475.213537241575
"union",475.948739733786
"ozone",476.574624752195
"dryly",476.752478051543
"visit",476.992636646842
"enjoy",477.341546304163
"tufts",477.529595015576
"blimp",477.803738317757
"champ",478.032002265647
"conic",478.814783347494
"dwell",479.866043613707
"pushy",480.255168507505
"phony",481.285471537808
"frock",481.450863777967
"flown",481.486547720193
"keyed",481.644010195412
"karma",482.675446049278
"gimme",483.161427357689
"shook",483.438969130558
"dutch",483.707448314925
"blitz",483.892664967431
"fever",485.355706598697
"itchy",485.752194845653
"spook",485.781081846502
"equip",485.841121495327
"queen",485.977626734636
"ionic",486.627867459643
"usury",487.566411781365
"skulk",487.675162843387
"might",487.906258850184
"bevel",487.960067969414
"dough",488.843103936562
"offal",489.972529028604
"vizor",490.040498442368
"vinyl",490.68054375531
"oozed",490.956952704616
"dandy",491.131407533277
"penny",491.140470121778
"flaky",491.696120079298
"every",492.069385443217
"enemy",492.116397621071
"crack",492.55593316341
"books",492.79269328802
"mushy",493.0334182951
"junto",493.453129425092
"gonna",494.139054092325
"folio",494.310110450297
"belly",494.749079580855
"dived",495.582837723025
"canny",496.728122344945
"naval",496.73435287454
"humid",496.761540640045
"swoop",496.972245822713
"fling",497.136505239309
"cabal",497.376663834608
"pupal",497.524497309544
"plunk",497.958935145851
"radar",498.102237326536
"dozed",498.952987822147
"owing",499.019258000566
"hewed",499.02888700085
"catch",500.885018408383
"leggy",501.028320589068
"igloo",501.080996884735
"evoke",501.300198244123
"bylaw",502.392806570377
"aging",503.270178419711
"imply",504.331067686208
"witch",504.524780515435
"hatch",504.717360521099
"bight",504.864061172472
"freer",505.246955536675
"outdo",505.279807419994
"avian",505.306428773718
"villa",505.692721608609
"filch",505.912489379779
"axial",506.840838289436
"alpha",507.056074766355
"fauna",508.264231096007
"wrung",508.655055225149
"refer",509.722741433022
"crumb",510.726423109601
"expel",510.784763523081
"beech",511.367601246106
"penne",511.464457660719
"junks",512.585952987822
"lemme",513.207873123761
"block",513.755593316341
"thick",514.328235627301
"cheek",514.787595581988
"pouch",515.041914471821
"bushy",515.198244123478
"milky",516.816482582838
"bezel",517.292834890966
"epoxy",518.315774568111
"mewed",518.470971396205
"occur",518.61427357689
"batty",518.621636930048
"belle",518.955253469272
"stuff",518.993203058624
"comma",519.285471537808
"downy",519.429340130275
"rumor",520.763806287171
"assay",520.955819881054
"mucus",521.097422826395
"embed",521.419711129991
"sissy",521.471821013877
"truth",522.316907391674
"dolly",522.51854998584
"judge",523.322288303597
"bawdy",524.047861795525
"young",524.360521098839
"husky",527.556782781082
"clump",528.096573208723
"proxy",528.192296799773
"sucks",529.09968847352
"nylon",531.482582837723
"brood",531.640045312943
"flock",532.299915038233
"snuff",532.686774284905
"dingy",532.951854998584
"pubic",533.445199660153
"caddy",533.54375531011
"mafia",534.749079580855
"tabby",535.021523647692
"toddy",535.688190314359
"dying",535.907958085528
"rigid",535.919286321155
"pagan",536.238742565845
"lulls",539.542622486548
"jewel",539.669498725573
"tweet",539.905126026621
"teeth",540.186066270178
"skunk",541.001132823563
"mambo",541.11214953271
"ditty",541.739733786463
"bosom",542.48116680827
"musky",542.844236760125
"eject",542.859529878221
"lipid",542.879920702351
"wight",543.216369300481
"quirk",543.298499008779
"fatty",544.447182101388
"cough",544.805720758992
"condo",545.871141319739
"filmy",545.923817615406
"rotor",546.75927499292
"going",546.961483998867
"mulch",547.438969130558
"knoll",547.623052959502
"wedge",548.069951854999
"fjord",548.202492211838
"timid",549.280373831776
"ceded",549.290002832059
"ninth",550.419994335882
"theft",551.606060606061
"weedy",552.686774284905
"gayly",552.866893231379
"ended",553.132540356839
"curvy",553.33191730388
"fight",554.416595865194
"dilly",555.31945624469
"apply",555.347210421977
"finch",555.357972245823
"windy",556.520249221184
"jumps",556.816482582838
"comic",556.948456527896
"unify",557.705749079581
"rajah",557.743698668932
"gulch",558.227980741999
"idiom",558.267063154914
"coyly",558.651656754461
"blurb",558.88388558482
"burro",559.318323421127
"cuffs",559.835457377514
"abaft",559.837723024639
"taffy",560.405267629567
"winch",561.946474086661
"blood",563.352308128009
"humus",564.429623336165
"clack",564.468139337298
"furor",564.718493344662
"pussy",566.376947040498
"roomy",566.610308694421
"pumps",566.783630699519
"hussy",567.334182951005
"pixie",567.421410365336
"mumps",567.739733786463
"khaki",568.461908807703
"murky",568.619371282923
"husks",568.878787878788
"flick",571.536391956953
"crook",572.965448881337
"array",573.432738600963
"pinky",573.918719909374
"paddy",573.927782497876
"chink",573.936845086378
"punch",575.779382611158
"digit",575.854148966298
"reeve",576.101104502974
"geeky",576.814216935712
"proof",576.899178702917
"pupil",577.365902010762
"oddly",578.664684225432
"chill",578.770603228547
"manga",578.784763523081
"quoth",578.988671764373
"dunno",579.112715944492
"flood",579.2158028887
"groom",579.838855848202
"cacao",580.051826677995
"wacky",580.221183800623
"holly",580.657887284056
"skiff",581.399320305862
"crick",582.555366751628
"whiny",582.884451996602
"flunk",583.548853016143
"verve",583.584536958369
"icily",585.077598414047
"flung",585.401019541206
"crock",586.930331350892
"quell",588.511186632682
"inbox",590.582554517134
"whirr",590.638062871708
"hippo",592.167941093175
"photo",592.292551685075
"booze",592.633531577457
"plumb",592.754177286888
"thump",593.006230529595
"lumpy",594.352024922118
"emcee",595.039648824696
"chili",595.396488246956
"idyll",598.973378646276
"pluck",599.105919003115
"loopy",599.114415179836
"broom",599.380062305296
"level",599.499008779383
"fanny",600.160011328236
"jetty",601.735768903993
"wryly",601.883035967148
"puffs",602.239308977627
"slyly",603.42310960068
"munch",604.148116680827
"worry",604.176437269895
"beefy",604.596714811668
"butch",605.387992070235
"jelly",606.121495327103
"hilly",606.572925516851
"levee",607.022656471255
"outgo",608.25743415463
"curry",608.546304163127
"howdy",609.071934296233
"bough",610.534975927499
"gauzy",611.214670065137
"undid",611.287737184933
"polyp",612.751911639762
"glyph",613.76748796375
"lymph",614.100538091192
"comfy",614.573491928632
"rugby",615.24072500708
"whack",616.648824695554
"golly",617.982724440668
"uncut",621.032285471538
"knack",624.042764089493
"widow",624.068819031436
"lucky",624.14528462192
"vouch",624.891815349759
"gawky",625.54772019258
"hitch",626.484565278958
"bunch",626.656754460493
"fussy",627.607759841405
"fungi",629.306428773718
"picky",630.047295383744
"gloom",630.37751345228
"ovoid",632.121495327103
"ninja",632.955253469272
"forgo",633.569243840272
"duchy",634.956386292835
"booty",635.088360237893
"thumb",636.278391390541
"brook",638.81308411215
"booth",639.748229963183
"bitty",639.769187199094
"pigmy",640.483432455395
"quack",641.516001132823
"clock",641.908524497309
"ruddy",642.018408382894
"conch",644.811384876805
"plaza",645.139903709997
"happy",645.568111016709
"cabby",646.570093457944
"tight",648.845935995469
"tatty",649.257717360521
"unzip",650.139054092325
"nutty",651.982724440668
"papal",652.03313508921
"maxim",652.354290569244
"cocoa",653.121778532994
"fugue",653.697819314642
"macaw",656.712262815067
"bloom",658.837439818748
"hurry",661.0911922968
"kitty",661.218634947607
"billy",662.066553384311
"juicy",662.333333333333
"wooly",663.590201076182
"juror",665.080996884735
"thigh",665.492211838006
"cynic",665.587935429057
"lowly",667.172755593316
"folly",669.687057490796
"click",670.519682809403
"cinch",670.986406117247
"witty",671.205041064854
"llama",671.480883602379
"wimpy",672.663551401869
"nymph",674.544604927783
"lobby",675.698952138205
"livid",675.967997734353
"dully",676.145851033702
"cliff",678.247805154347
"dumpy",681.92948173322
"edged",685.084961767205
"gumbo",686.606910223733
"onion",687.040781648258
"egged",688.086377796658
"shush",689.51883319173
"willy",689.658170489946
"chunk",692.062022090059
"allay",692.292551685075
"hunky",694.059756442934
"bulky",696.720192580006
"vying",698.186066270178
"pudgy",698.299348626451
"ebbed",699.22826394789
"appal",699.749929198527
"gypsy",701.36533559898
"guava",701.573208722741
"myrrh",704.215519682809
"civil",705.329085244973
"poppa",706.783630699519
"check",707.06230529595
"chaff",710.312376097423
"manna",711.082129708298
"pizza",711.195978476352
"icing",713.680260549419
"couch",714.799490229397
"aback",716.414330218068
"bonny",717.429906542056
"fifty",719.403851600113
"filly",719.459359954687
"chump",724.126026621354
"moody",730.292551685075
"fifth",734.03313508921
"femme",735.450297366185
"pooch",735.611158312093
"nanny",736.419994335882
"goody",743.403851600113
"cubic",743.508637779666
"quill",744.454545454545
"baggy",748.011045029737
"momma",749.689889549703
"putty",751.306428773718
"knock",752.463608043047
"furry",756.308977626735
"dodgy",759.195412064571
"plump",764.092608326253
"vexed",765.028320589068
"madam",765.993486264514
"bongo",775.745964316058
"quick",782.595581988105
"pulpy",784.259133389975
"funky",787.644010195412
"biddy",787.692155196828
"jolly",789.927782497876
"daddy",792.922401585953
"hutch",794.282356273011
"finny",794.942792410082
"tooth",796.028603794959
"giddy",796.895780232229
"motto",799.097422826395
"kinky",803.860379495894
"woody",807.856981025205
"affix",808.444350042481
"hippy",808.640894930615
"vigil",812.50608892665
"hunch",814.787595581988
"gully",818.350892098556
"mucky",819.893797790994
"queue",821.313792126876
"cluck",822.550835457378
"dowdy",823.069102237327
"buxom",823.566978193146
"gruff",829.844519966015
"bully",837.761823845936
"piggy",852.664117813651
"hobby",855.501840838289
"jumbo",858.295383743982
"whoop",875.569243840272
"which",876.650523930898
"quaff",877.027754177287
"known",881.702350608893
"fully",882.462475219485
"chock",886.689606343812
"chick",895.963466440102
"goofy",903.488246955537
"twixt",904.126026621354
"boggy",906.560464457661
"bunny",909.831492495044
"gamma",914.97904276409
"magma",916.996601529312
"mammy",922.406400453129
"kappa",924.774001699235
"foggy",931.039648824696
"muddy",941.861512319456
"kayak",943.291135655622
"funny",945.097422826395
"dummy",948.80062305296
"ninny",957.084395355423
"bluff",957.491079014443
"minim",962.418295100538
"buddy",986.15378079864
"dizzy",996.009912206174
"humph",1006.55366751628
"whiff",1029.19541206457
"jumpy",1032.0031152648
"mimic",1038.21155480034
"guppy",1070.7264231096
"poppy",1074.03086944208
"boozy",1107.76748796375
"chuck",1120.41206457094
"puffy",1121.00679694138
"gummy",1127.37269895214
"booby",1135.26847918437
"pygmy",1145.54545454545
"jazzy",1156.6414613424
"woozy",1160.26366468423
"bobby",1170.84593599547
"buggy",1175.75729255169
"mamma",1180.5865193996
"vivid",1188.29764939111
"fluff",1203.23959218352
"civic",1210.41886151232
"fizzy",1227.80147267063
"jiffy",1235.35514018692
"puppy",1369.86774284905
"mummy",1427.71764372699
"fuzzy",1512.49985839705
